CustomerID,Optimal_Cluster,TotalSpent,AvgOrderValue
12347.0,1,4310.0,23.68
12348.0,1,1797.24,57.98
12352.0,1,2506.04,29.48
12356.0,1,2811.43,47.65
12358.0,1,1168.06,61.48
12359.0,1,6372.58,25.7
12360.0,1,2662.06,20.64
12362.0,1,5226.23,19.65
12363.0,1,552.0,24.0
12364.0,1,1313.1,15.45
12370.0,1,3545.69,21.23
12371.0,1,1887.96,29.97
12372.0,1,1298.04,24.96
12375.0,1,457.5,26.91
12377.0,1,1628.12,21.14
12379.0,1,852.24,21.31
12380.0,1,2724.81,26.2
12381.0,1,1845.31,21.21
12383.0,1,1850.56,18.69
12384.0,1,585.27,21.68
12386.0,1,401.9,40.19
12388.0,1,2780.66,27.81
12393.0,1,1582.6,24.73
12394.0,1,1272.48,47.13
12395.0,1,3018.63,19.35
12397.0,1,2409.9,19.13
12399.0,1,1108.65,18.79
12406.0,1,3415.3,32.53
12407.0,1,1708.12,22.18
12408.0,1,2888.55,27.51
12409.0,1,11072.67,101.58
12412.0,1,1226.88,20.11
12413.0,1,758.1,19.95
12414.0,1,562.41,31.24
12415.0,0,124914.53,174.46
12417.0,1,3649.1,19.01
12421.0,1,807.04,17.93
12422.0,1,803.56,20.6
12423.0,1,1859.31,14.87
12427.0,1,825.8,26.64
12428.0,1,7956.46,27.06
12429.0,1,3750.4,38.66
12431.0,1,6487.45,27.49
12432.0,1,5059.32,46.85
12433.0,1,13375.87,31.85
12434.0,1,806.14,16.12
12435.0,1,7829.89,217.5
12437.0,1,4951.41,24.76
12438.0,1,2906.85,29.66
12444.0,1,5005.46,28.28
12449.0,1,4067.29,21.29
12450.0,1,197.88,24.74
12451.0,1,9035.52,25.52
12455.0,1,2466.86,27.41
12456.0,1,3181.04,25.45
12457.0,1,2363.23,37.51
12458.0,1,947.4,24.93
12461.0,1,826.88,23.63
12462.0,1,1189.59,19.19
12463.0,1,1344.78,16.2
12464.0,1,1212.05,41.79
12465.0,1,742.19,15.79
12468.0,1,729.54,19.2
12471.0,1,19824.05,43.1
12472.0,1,6572.11,19.39
12473.0,1,3938.55,23.44
12474.0,1,7375.79,17.4
12476.0,1,6816.42,29.26
12477.0,1,13219.74,44.07
12480.0,1,3281.63,21.31
12481.0,1,5596.32,25.79
12483.0,1,2484.98,33.13
12484.0,1,4541.72,13.13
12488.0,1,1298.66,23.61
12490.0,1,5417.93,22.11
12492.0,1,263.21,13.16
12493.0,1,433.74,19.72
12494.0,1,1246.1,16.18
12498.0,1,403.7,17.55
12500.0,1,4257.82,69.8
12502.0,1,3723.87,25.33
12504.0,1,482.05,53.56
12507.0,1,1304.81,59.31
12508.0,1,398.27,5.77
12510.0,1,982.57,29.77
12516.0,1,1312.06,50.46
12517.0,1,2502.84,8.81
12518.0,1,2056.89,16.59
12520.0,1,2634.26,17.33
12522.0,1,192.72,16.06
12523.0,1,1789.77,16.88
12524.0,1,4485.72,31.15
12526.0,1,1316.66,18.54
12527.0,1,348.71,19.37
12528.0,1,1933.48,21.02
12530.0,1,1662.28,25.19
12535.0,1,716.35,21.07
12536.0,1,12601.83,48.28
12539.0,1,5568.35,20.4
12540.0,1,13400.24,28.03
12541.0,1,981.18,18.87
12545.0,1,1000.39,20.01
12546.0,1,1161.5,16.83
12547.0,1,207.8,25.98
12553.0,1,3692.28,19.33
12556.0,1,603.71,4.99
12557.0,1,11990.96,363.36
12559.0,1,561.71,26.75
12560.0,1,2134.01,20.32
12562.0,1,3781.74,22.51
12567.0,1,9401.28,21.08
12569.0,1,4124.69,21.94
12571.0,1,519.61,15.28
12572.0,1,1020.42,17.01
12576.0,1,1315.83,14.95
12577.0,1,657.8,4.47
12578.0,1,2794.51,24.51
12582.0,1,511.36,23.24
12583.0,1,7281.38,29.48
12584.0,1,2338.15,24.36
12585.0,1,2040.1,23.45
12589.0,1,646.68,18.48
12592.0,1,437.6,24.31
12593.0,1,418.1,19.91
12594.0,1,3338.22,28.29
12596.0,1,618.27,22.9
12597.0,1,3811.22,18.5
12598.0,1,3023.08,22.9
12599.0,1,1032.58,16.65
12600.0,1,2599.04,40.61
12601.0,1,577.06,20.61
12604.0,1,254.18,15.89
12609.0,1,1126.85,18.78
12610.0,1,2099.54,19.81
12613.0,1,3344.38,21.86
12615.0,1,2291.19,21.82
12616.0,1,713.3,22.29
12619.0,1,3641.24,40.46
12620.0,1,1339.41,14.56
12621.0,1,13689.67,29.31
12624.0,1,641.13,16.87
12625.0,1,2683.82,31.21
12626.0,1,6620.48,22.52
12627.0,1,4478.53,19.47
12628.0,1,786.46,19.18
12630.0,1,1270.88,19.86
12633.0,1,2163.98,21.43
12635.0,1,1689.18,16.72
12637.0,1,6021.9,15.44
12640.0,1,1174.58,22.16
12642.0,1,1013.26,21.56
12643.0,1,3344.64,139.36
12645.0,1,1775.18,24.32
12646.0,1,1346.97,29.93
12647.0,1,3722.82,30.51
12649.0,1,623.51,20.11
12653.0,1,2209.85,51.39
12654.0,1,601.98,15.84
12656.0,1,4051.17,32.15
12657.0,1,1643.18,34.96
12662.0,1,3849.78,16.74
12664.0,1,4881.88,131.94
12668.0,1,3807.15,23.65
12669.0,1,2744.03,27.17
12670.0,1,2996.05,32.57
12673.0,1,610.52,14.54
12674.0,1,1970.6,23.74
12676.0,1,1331.39,29.59
12678.0,1,17628.46,106.84
12679.0,1,1113.02,23.19
12680.0,1,862.81,16.59
12681.0,1,13787.54,21.61
12682.0,1,12288.22,23.41
12683.0,1,8476.57,24.64
12684.0,1,2283.63,21.75
12685.0,1,2863.08,18.24
12689.0,1,1247.61,17.33
12691.0,1,1035.8,32.37
12693.0,1,855.91,21.95
12694.0,1,869.67,23.5
12695.0,1,582.1,21.56
12697.0,1,957.59,23.36
12700.0,1,4939.99,18.43
12701.0,1,797.71,15.05
12704.0,1,2340.84,26.6
12705.0,1,6868.29,20.56
12708.0,1,2712.91,17.28
12709.0,1,9736.52,46.81
12710.0,1,1149.02,14.92
12712.0,1,4396.13,33.05
12714.0,1,4708.86,18.18
12716.0,1,1053.49,15.27
12717.0,1,1030.98,18.75
12719.0,1,644.95,16.54
12720.0,1,5781.73,16.33
12721.0,1,2656.13,16.5
12722.0,1,997.63,18.82
12723.0,1,725.07,10.51
12724.0,1,1031.41,19.46
12726.0,1,2609.1,21.04
12727.0,1,3980.7,28.64
12728.0,1,836.33,18.18
12731.0,1,18895.91,68.96
12735.0,1,779.57,18.13
12739.0,1,1013.04,26.66
12744.0,1,21279.29,95.85
12747.0,1,4196.01,40.74
12748.0,0,33719.73,7.34
12749.0,1,4090.88,20.56
12753.0,1,21429.39,108.78
12754.0,1,3010.74,47.79
12757.0,1,7857.1,21.18
12758.0,1,2791.59,28.78
12759.0,1,1531.44,16.12
12762.0,1,1898.52,27.51
12763.0,1,494.08,27.45
12766.0,1,6989.63,22.55
12775.0,1,1386.04,21.0
12778.0,1,822.23,16.44
12779.0,1,3981.36,26.72
12781.0,1,826.74,33.07
12782.0,1,2330.92,22.63
12783.0,1,2225.91,26.5
12784.0,1,574.42,9.74
12787.0,1,463.66,23.18
12793.0,1,545.48,22.73
12794.0,1,860.41,19.12
12798.0,1,6977.04,872.13
12808.0,1,483.65,17.27
12811.0,1,514.85,16.61
12815.0,1,1063.46,22.63
12816.0,1,572.2,19.73
12820.0,1,942.34,15.97
12822.0,1,948.88,20.63
12823.0,1,1759.5,351.9
12826.0,1,1474.72,16.21
12827.0,1,430.15,17.21
12828.0,1,1018.71,18.19
12829.0,1,293.0,26.64
12830.0,1,6814.64,179.33
12832.0,1,383.03,14.19
12836.0,1,2612.86,14.93
12838.0,1,683.13,5.55
12839.0,1,5591.42,17.81
12840.0,1,2726.77,24.13
12841.0,1,4022.35,9.58
12842.0,1,1118.99,32.91
12843.0,1,1702.26,16.53
12844.0,1,325.96,6.27
12845.0,1,354.09,13.11
12849.0,1,1050.89,20.61
12853.0,1,1957.1,25.09
12854.0,1,1324.5,12.04
12856.0,1,2179.93,6.94
12857.0,1,1106.4,24.05
12865.0,1,1568.23,16.51
12867.0,1,4036.82,7.5
12868.0,1,1607.06,15.02
12871.0,1,380.64,34.6
12872.0,1,599.97,9.09
12876.0,1,2218.02,26.09
12877.0,1,1535.77,9.97
12878.0,1,854.99,18.19
12879.0,1,573.22,57.32
12882.0,1,1463.04,112.54
12883.0,1,703.47,16.75
12885.0,1,1175.22,16.55
12886.0,1,1378.4,16.81
12888.0,1,354.12,70.82
12895.0,1,372.8,16.95
12901.0,1,17654.54,152.19
12904.0,1,509.58,7.08
12906.0,1,2919.81,46.35
12909.0,1,2178.67,23.94
12910.0,1,3075.04,41.0
12912.0,1,1662.3,69.26
12913.0,1,2483.63,49.67
12915.0,1,363.65,16.53
12916.0,1,3006.15,28.09
12919.0,1,1335.19,26.7
12921.0,1,16587.09,23.04
12924.0,1,933.7,31.12
12925.0,1,694.05,15.42
12928.0,1,2062.7,24.56
12930.0,1,415.8,16.63
12931.0,1,42055.96,512.88
12933.0,1,607.53,5.73
12935.0,1,2160.7,16.75
12936.0,1,1063.9,17.16
12937.0,1,1504.27,12.54
12939.0,1,11581.8,246.42
12940.0,1,913.54,9.23
12942.0,1,683.9,9.12
12944.0,1,604.51,20.15
12947.0,1,1603.99,16.54
12948.0,1,2064.95,17.8
12949.0,1,4167.22,19.38
12950.0,1,1843.0,80.13
12951.0,1,1064.07,16.89
12952.0,1,1387.79,17.57
12955.0,1,4757.16,26.43
12957.0,1,4017.54,16.88
12962.0,1,266.39,16.65
12963.0,1,1856.63,19.54
12967.0,1,1660.9,87.42
12970.0,1,452.24,2.99
12971.0,1,11189.91,36.69
12980.0,1,7374.9,368.74
12981.0,1,372.22,18.61
12985.0,1,1239.38,16.31
12987.0,1,558.7,19.95
12989.0,1,6924.11,108.19
12990.0,1,409.5,31.5
12991.0,1,503.76,16.25
12993.0,1,414.76,15.36
12994.0,1,974.42,15.97
12997.0,1,1226.89,20.79
12999.0,1,455.88,16.28
13000.0,1,534.85,17.25
13001.0,1,9818.82,28.96
13003.0,1,149.05,24.84
13004.0,1,5655.91,14.0
13005.0,1,513.7,19.76
13012.0,1,1661.84,18.67
13013.0,1,4810.94,21.97
13014.0,1,3466.28,31.51
13015.0,1,3346.28,19.01
13016.0,1,789.89,16.81
13018.0,1,7277.7,15.89
13021.0,1,2616.38,19.97
13023.0,1,689.9,17.25
13026.0,1,975.36,24.38
13027.0,1,6912.0,265.85
13028.0,1,661.32,14.7
13029.0,1,1247.5,124.75
13030.0,1,799.48,8.08
13032.0,1,1010.18,14.23
13034.0,1,642.77,17.37
13035.0,1,921.88,34.14
13037.0,1,881.07,18.36
13038.0,1,908.46,32.44
13040.0,1,676.99,15.74
13046.0,1,629.31,17.98
13047.0,1,3237.54,18.82
13048.0,1,1835.91,13.5
13049.0,1,656.68,46.91
13050.0,1,5836.86,14.48
13055.0,1,1214.41,15.98
13058.0,1,271.4,33.93
13064.0,1,1119.49,16.22
13066.0,1,470.8,9.81
13069.0,1,4436.12,10.44
13077.0,1,729.27,6.51
13078.0,1,12627.94,35.27
13079.0,1,220.1,36.68
13081.0,1,28337.38,27.57
13082.0,1,3613.63,49.5
13083.0,1,303.75,16.88
13085.0,1,416.08,18.91
13089.0,0,58825.83,32.36
13090.0,1,8910.82,57.49
13092.0,1,477.83,19.11
13093.0,1,7832.47,49.26
13094.0,1,1927.32,80.31
13097.0,1,6010.42,14.21
13098.0,1,28882.44,50.49
13102.0,1,6424.09,21.13
13104.0,1,1098.48,54.92
13107.0,1,1531.62,26.41
13109.0,1,786.54,16.73
13110.0,1,1488.67,10.27
13113.0,1,12245.96,60.93
13115.0,1,2294.78,19.12
13117.0,1,984.91,12.96
13118.0,1,1197.81,15.16
13122.0,1,922.39,16.77
13124.0,1,3866.33,16.45
13126.0,1,2099.64,15.0
13131.0,1,1073.3,24.39
13133.0,1,109.8,15.69
13134.0,1,1793.58,18.3
13136.0,1,2607.61,20.53
13137.0,1,3650.41,5.19
13138.0,1,962.39,15.28
13139.0,1,5064.94,29.79
13140.0,1,423.72,9.21
13141.0,1,2388.75,17.69
13145.0,1,618.52,103.09
13148.0,1,3707.12,11.62
13149.0,1,1676.06,19.49
13155.0,1,971.76,11.43
13157.0,1,1741.22,20.01
13158.0,1,1201.06,15.2
13159.0,1,1437.85,11.88
13162.0,1,1688.29,21.37
13165.0,1,1021.48,24.32
13167.0,1,791.33,12.17
13168.0,1,1319.19,10.07
13169.0,1,712.88,54.84
13171.0,1,468.41,10.18
13173.0,1,353.65,8.22
13174.0,1,2817.03,8.97
13178.0,1,5725.47,21.61
13183.0,1,3957.78,42.1
13184.0,1,1701.29,9.4
13186.0,1,1575.89,19.95
13189.0,1,260.68,8.99
13192.0,1,911.94,14.48
13196.0,1,1797.78,16.34
13198.0,1,3401.24,15.05
13199.0,1,9817.12,82.5
13200.0,1,870.09,18.92
13203.0,1,869.46,15.25
13207.0,1,250.26,31.28
13208.0,1,1223.9,8.21
13209.0,1,5891.61,18.35
13211.0,1,1197.42,21.38
13212.0,1,788.08,5.55
13213.0,1,1520.58,16.9
13220.0,1,819.29,39.01
13221.0,1,847.41,12.84
13223.0,1,163.2,32.64
13224.0,1,2155.95,19.96
13225.0,1,6463.84,202.0
13230.0,1,2806.97,4.59
13232.0,1,1357.6,6.56
13233.0,1,605.12,14.07
13236.0,1,744.85,20.69
13238.0,1,700.73,22.6
13240.0,1,663.65,9.91
13242.0,1,270.4,20.8
13246.0,1,1987.3,14.09
13247.0,1,501.12,20.04
13248.0,1,465.68,17.91
13249.0,1,711.41,30.93
13253.0,1,1030.4,28.62
13255.0,1,399.51,30.73
13258.0,1,698.58,18.38
13261.0,1,944.1,104.9
13263.0,1,7454.07,4.44
13265.0,1,2107.66,23.16
13266.0,1,3834.26,20.5
13267.0,1,4521.49,21.43
13268.0,1,3214.69,7.31
13269.0,1,5346.23,16.92
13272.0,1,276.56,18.44
13276.0,1,590.93,19.7
13277.0,1,258.4,32.3
13280.0,1,814.86,9.59
13282.0,1,1132.14,30.6
13283.0,1,93.66,13.38
13285.0,1,2709.12,14.49
13292.0,1,578.94,18.68
13294.0,1,873.74,16.18
13297.0,1,2089.85,35.42
13301.0,1,618.09,7.63
13305.0,1,2000.86,24.7
13308.0,1,1385.51,25.66
13309.0,1,1456.79,13.61
13310.0,1,1132.03,15.72
13311.0,1,598.57,23.02
13313.0,1,1555.32,19.94
13314.0,1,775.94,12.52
13316.0,1,5977.73,68.71
13317.0,1,2273.68,18.34
13318.0,1,640.76,32.04
13319.0,1,10845.55,22.78
13320.0,1,1548.7,14.61
13321.0,1,567.36,51.58
13323.0,1,787.85,37.52
13324.0,1,7121.95,94.96
13327.0,1,3627.77,33.59
13329.0,1,789.0,46.41
13330.0,1,1140.93,21.53
13334.0,1,3536.82,13.2
13340.0,1,10736.48,80.12
13344.0,1,2543.72,21.38
13350.0,1,979.12,24.48
13362.0,1,3090.74,18.62
13363.0,1,992.5,16.54
13365.0,1,2225.37,17.39
13368.0,1,623.4,21.5
13373.0,1,3312.25,20.96
13376.0,1,1019.76,19.24
13379.0,1,572.56,5.9
13381.0,1,3639.31,21.16
13384.0,1,4151.93,27.32
13389.0,1,797.96,15.65
13394.0,1,2520.02,16.26
13396.0,1,1360.99,31.65
13397.0,1,1544.13,40.64
13402.0,1,621.23,15.93
13404.0,1,252.49,22.95
13405.0,1,572.45,21.2
13408.0,1,28117.04,58.82
13410.0,1,1003.06,35.82
13414.0,1,1390.5,57.94
13416.0,1,712.5,37.5
13417.0,1,640.83,22.89
13418.0,1,6127.43,20.16
13420.0,1,159.85,19.98
13421.0,1,1851.08,17.8
13425.0,1,1624.21,20.82
13426.0,1,3641.32,23.19
13427.0,1,582.6,20.09
13429.0,1,1006.8,15.03
13430.0,1,679.45,13.87
13431.0,1,1269.1,27.59
13434.0,1,534.24,53.42
13435.0,1,3809.89,37.72
13437.0,1,3408.06,20.41
13447.0,1,1129.14,19.14
13448.0,1,3539.37,18.15
13450.0,1,2043.72,28.78
13451.0,1,2976.15,6.72
13453.0,1,356.98,21.0
13455.0,1,1058.34,23.01
13456.0,1,1766.72,28.04
13458.0,1,9646.57,25.25
13460.0,1,183.44,10.79
13461.0,1,1445.0,53.52
13467.0,1,1083.71,10.95
13468.0,1,5704.97,18.89
13470.0,1,165.0,16.5
13471.0,1,2531.58,9.74
13473.0,1,422.64,20.13
13475.0,1,1431.78,16.65
13476.0,1,1238.47,21.35
13477.0,1,1454.58,18.41
13479.0,1,300.95,20.06
13481.0,1,1804.56,16.56
13486.0,1,1122.41,16.27
13487.0,1,575.4,16.92
13488.0,1,8968.31,21.25
13489.0,1,449.52,32.11
13491.0,1,1215.82,14.14
13492.0,1,1269.84,25.4
13493.0,1,618.63,77.33
13495.0,1,2044.87,42.6
13496.0,1,653.33,18.67
13497.0,1,348.05,18.32
13499.0,1,1159.11,27.6
13500.0,1,1166.77,17.95
13502.0,1,292.0,16.22
13505.0,1,4393.63,20.44
13506.0,1,458.52,17.64
13507.0,1,2479.16,15.3
13509.0,1,979.72,22.27
13510.0,1,1791.56,15.58
13515.0,1,891.12,15.1
13516.0,1,1389.41,31.58
13517.0,1,2128.42,15.1
13520.0,1,3624.35,38.97
13521.0,1,1093.65,2.51
13523.0,1,3964.88,23.05
13524.0,1,680.18,25.19
13525.0,1,628.78,104.8
13527.0,1,2287.51,10.26
13529.0,1,307.76,20.52
13531.0,1,483.8,21.99
13533.0,1,270.79,3.56
13534.0,1,5870.08,19.83
13536.0,1,3448.29,19.26
13538.0,1,1280.85,51.23
13539.0,1,631.34,17.06
13544.0,1,291.41,3.35
13546.0,1,626.99,6.4
13548.0,1,682.41,5.5
13549.0,1,918.2,18.0
13552.0,1,3740.07,34.31
13555.0,1,4149.28,30.51
13557.0,1,584.06,17.18
13558.0,1,605.06,3.46
13562.0,1,1799.33,21.94
13563.0,1,777.53,15.87
13564.0,1,1749.02,21.07
13565.0,1,240.22,6.32
13566.0,1,874.71,4.97
13569.0,1,373.75,4.4
13571.0,1,2092.32,6.14
13573.0,1,294.4,11.32
13575.0,1,732.07,15.91
13576.0,1,6717.34,53.31
13577.0,1,1687.6,20.33
13579.0,1,467.04,20.31
13588.0,1,2478.95,14.25
13589.0,1,379.65,18.08
13590.0,1,1981.92,22.78
13591.0,1,1117.13,19.26
13592.0,1,247.96,15.5
13593.0,1,2037.08,15.91
13596.0,1,697.04,4.2
13599.0,1,5153.67,20.87
13601.0,1,693.32,7.0
13606.0,1,280.54,6.52
13610.0,1,1131.88,5.01
13611.0,1,1171.8,15.84
13614.0,1,1610.46,8.01
13617.0,1,544.18,12.37
13623.0,1,747.78,9.23
13627.0,1,1638.47,17.81
13629.0,1,7792.36,132.07
13630.0,1,2031.78,28.62
13631.0,1,3070.42,279.13
13632.0,1,2121.27,14.53
13634.0,1,1575.16,8.38
13636.0,1,949.12,15.07
13637.0,1,810.5,8.02
13643.0,1,519.44,18.55
13644.0,1,2624.26,17.97
13647.0,1,1678.12,21.24
13649.0,1,346.6,15.07
13650.0,1,1836.34,19.13
13651.0,1,94.2,15.7
13652.0,1,1095.08,17.38
13654.0,1,2707.33,16.31
13655.0,1,932.97,16.66
13656.0,1,379.65,7.75
13657.0,1,382.14,23.88
13658.0,1,2639.17,24.44
13659.0,1,1573.2,15.13
13662.0,1,897.76,16.94
13666.0,1,84.65,7.05
13668.0,1,6363.59,13.54
13669.0,1,218.55,24.28
13672.0,1,186.39,31.06
13673.0,1,396.92,6.11
13675.0,1,486.82,19.47
13680.0,1,3722.42,19.09
13681.0,1,827.83,14.52
13685.0,1,3119.44,79.99
13692.0,1,1488.32,28.08
13694.0,0,65039.62,114.51
13695.0,1,2504.13,27.82
13700.0,1,2265.12,11.5
13704.0,1,2308.06,17.22
13705.0,1,711.86,25.42
13707.0,1,806.41,16.8
13709.0,1,6328.05,18.83
13715.0,1,1079.34,10.28
13717.0,1,1445.01,14.17
13718.0,1,306.55,25.55
13719.0,1,1041.68,17.36
13720.0,1,799.9,18.6
13722.0,1,2375.41,27.95
13725.0,1,1980.56,19.04
13726.0,1,1079.66,25.71
13727.0,1,333.48,16.67
13728.0,1,1016.14,16.13
13730.0,1,752.6,17.5
13731.0,1,610.59,16.07
13735.0,1,2885.24,14.72
13736.0,1,731.9,3.83
13741.0,1,668.43,19.66
13742.0,1,3131.02,9.75
13743.0,1,1341.6,32.72
13744.0,1,1156.36,16.06
13748.0,1,948.25,33.87
13750.0,1,1647.26,68.64
13752.0,1,1186.28,15.61
13754.0,1,282.6,23.55
13755.0,1,2161.35,6.32
13756.0,1,5189.52,36.55
13758.0,1,3190.55,27.27
13759.0,1,659.41,26.38
13760.0,1,286.79,5.03
13761.0,1,1070.65,15.3
13764.0,1,1521.76,7.32
13767.0,1,17220.36,46.79
13769.0,1,2796.51,20.71
13771.0,1,2634.45,22.14
13772.0,1,1132.13,6.4
13777.0,1,25977.16,131.86
13780.0,1,360.01,6.32
13782.0,1,912.0,7.93
13784.0,1,2462.79,79.44
13787.0,1,309.04,9.97
13791.0,1,1516.0,137.82
13792.0,1,195.55,15.04
13798.0,1,37153.85,106.46
13799.0,1,688.86,17.66
13802.0,1,4599.42,76.66
13804.0,1,2635.79,19.24
13805.0,1,924.6,71.12
13808.0,1,1747.66,23.0
13810.0,1,1499.01,42.83
13811.0,1,814.5,62.65
13812.0,1,539.0,14.97
13813.0,1,1366.86,19.81
13814.0,1,1579.12,27.7
13815.0,1,4027.36,22.88
13816.0,1,571.67,20.42
13817.0,1,382.98,15.96
13819.0,1,1140.35,31.68
13821.0,1,385.64,6.54
13822.0,1,632.0,6.58
13823.0,1,957.66,23.94
13824.0,1,1698.94,36.93
13827.0,1,412.05,4.43
13831.0,1,2202.99,29.77
13835.0,1,834.57,15.17
13837.0,1,271.24,14.28
13838.0,1,691.73,3.98
13842.0,1,3385.62,16.44
13846.0,1,865.06,15.73
13848.0,1,1255.0,251.0
13849.0,1,1537.95,15.23
13851.0,1,2651.46,32.73
13854.0,1,8109.52,73.72
13856.0,1,388.5,27.75
13860.0,1,1245.9,16.39
13862.0,1,2209.36,15.89
13865.0,1,501.56,16.72
13867.0,1,1015.29,16.64
13868.0,1,3192.54,96.74
13869.0,1,3104.95,10.11
13870.0,1,2770.94,24.1
13871.0,1,6403.25,19.06
13873.0,1,389.6,16.94
13875.0,1,1786.79,17.18
13880.0,1,3219.77,19.51
13881.0,1,17159.52,96.4
13882.0,1,1191.13,18.33
13883.0,1,2674.48,18.83
13884.0,1,787.6,13.35
13885.0,1,506.8,18.1
13888.0,1,605.63,15.14
13890.0,1,1883.81,17.13
13892.0,1,632.97,23.44
13894.0,1,564.62,20.91
13895.0,1,2593.07,21.98
13899.0,1,388.52,20.45
13900.0,1,740.95,17.23
13901.0,1,2867.2,19.24
13904.0,1,332.64,12.79
13908.0,1,2369.55,19.42
13911.0,1,2580.91,17.44
13914.0,1,626.45,18.98
13917.0,1,272.04,15.11
13918.0,1,1212.84,40.43
13919.0,1,384.81,13.74
13924.0,1,1838.85,15.72
13925.0,1,678.25,16.54
13928.0,1,464.57,17.21
13929.0,1,842.65,93.63
13930.0,1,337.34,19.84
13931.0,1,1237.53,21.34
13933.0,1,608.79,26.47
13939.0,1,568.55,12.63
13940.0,1,839.14,17.13
13941.0,1,5112.96,113.62
13946.0,1,561.57,51.05
13949.0,1,2427.32,15.17
13950.0,1,745.06,21.29
13951.0,1,674.45,17.29
13952.0,1,3251.07,23.73
13953.0,1,3515.68,175.78
13954.0,1,439.92,17.6
13955.0,1,322.96,9.79
13956.0,1,1026.42,6.75
13959.0,1,598.2,6.5
13960.0,1,230.22,19.18
13962.0,1,169.55,15.41
13963.0,1,664.54,18.99
13969.0,1,9053.94,14.46
13971.0,1,2758.26,18.51
13972.0,1,190.25,12.68
13975.0,1,2526.28,7.47
13978.0,1,196.79,13.12
13982.0,1,1871.81,16.86
13983.0,1,2603.43,24.33
13984.0,1,920.51,57.53
13985.0,1,7060.13,20.11
13988.0,1,4147.96,17.73
13989.0,1,1266.08,30.88
13991.0,1,855.97,10.19
13993.0,1,3466.36,28.65
13994.0,1,2313.14,14.92
13995.0,1,1393.69,16.21
13999.0,1,3901.81,18.76
14001.0,1,2043.08,52.39
14002.0,1,529.73,11.27
14004.0,1,4582.64,26.8
14005.0,1,2874.72,34.22
14006.0,1,962.19,32.07
14009.0,1,695.61,16.56
14013.0,1,473.02,13.91
14016.0,1,4341.21,26.96
14019.0,1,1421.61,21.54
14020.0,1,642.8,16.48
14021.0,1,631.9,28.72
14023.0,1,584.07,18.84
14024.0,1,327.7,20.48
14029.0,1,467.66,31.18
14030.0,1,2360.09,9.71
14031.0,1,17286.86,69.15
14032.0,1,2975.59,20.81
14034.0,1,651.82,7.32
14035.0,1,1428.02,21.64
14037.0,1,147.2,5.26
14038.0,1,1560.38,16.96
14040.0,1,3614.92,15.38
14044.0,1,652.82,3.12
14045.0,1,1659.75,276.62
14047.0,1,1308.61,40.89
14049.0,1,5681.72,11.64
14050.0,1,746.36,13.82
14051.0,1,15610.39,74.34
14056.0,1,8214.65,7.43
14057.0,1,6217.96,21.89
14060.0,1,6140.42,30.4
14062.0,1,10464.85,94.28
14064.0,1,1353.74,16.92
14067.0,1,374.7,7.21
14071.0,1,1438.82,4.44
14075.0,1,942.26,21.91
14077.0,1,499.42,11.89
14078.0,1,1049.37,16.14
14081.0,1,934.52,6.11
14083.0,1,1018.43,5.63
14085.0,1,4448.54,9.89
14088.0,1,50491.81,85.72
14092.0,1,4076.91,19.05
14096.0,0,65164.79,12.75
14099.0,1,3104.17,12.42
14101.0,1,5976.79,170.77
14102.0,1,1360.28,17.22
14104.0,1,216.21,10.3
14107.0,1,2703.23,21.98
14108.0,1,597.91,17.59
14110.0,1,5683.15,36.43
14111.0,1,692.85,69.28
14112.0,1,2915.15,18.22
14113.0,1,1840.42,54.13
14114.0,1,386.53,25.77
14116.0,1,1382.74,19.2
14121.0,1,2780.15,17.49
14125.0,1,2740.43,16.41
14126.0,1,706.13,47.08
14127.0,1,709.71,16.13
14128.0,1,637.5,13.86
14129.0,1,1123.86,21.61
14132.0,1,3586.03,17.93
14133.0,1,605.64,21.63
14135.0,1,4690.31,35.0
14138.0,1,982.38,20.9
14140.0,1,935.05,14.17
14141.0,1,915.13,22.88
14145.0,1,3742.2,340.2
14146.0,1,4191.0,19.96
14147.0,1,483.4,96.68
14150.0,1,658.64,25.33
14152.0,1,621.29,12.68
14156.0,0,117379.63,83.84
14157.0,1,432.88,9.02
14159.0,1,4693.01,3.9
14161.0,1,1110.52,10.28
14162.0,1,289.36,11.57
14163.0,1,2445.91,47.04
14164.0,1,1631.77,56.27
14167.0,1,574.84,11.05
14173.0,1,450.84,15.55
14175.0,1,3222.3,21.63
14176.0,1,576.9,18.61
14177.0,1,559.41,13.32
14178.0,1,1620.93,4.96
14179.0,1,719.78,4.36
14180.0,1,4748.52,19.79
14188.0,1,2054.36,31.61
14189.0,1,4654.08,17.56
14191.0,1,4684.76,18.09
14193.0,1,853.39,20.32
14194.0,1,11349.52,19.6
14195.0,1,1012.0,144.57
14198.0,1,701.4,17.98
14201.0,1,747.44,20.2
14205.0,1,466.7,19.45
14209.0,1,2073.43,23.83
14210.0,1,1905.84,18.68
14211.0,1,2241.1,20.01
14214.0,1,1004.38,14.99
14215.0,1,1789.72,16.57
14216.0,1,1839.3,31.17
14217.0,1,2004.98,20.05
14220.0,1,632.4,30.11
14221.0,1,3432.8,17.79
14223.0,1,991.13,16.52
14224.0,1,1050.12,8.9
14226.0,1,2232.19,33.32
14227.0,1,3350.96,19.15
14229.0,1,1547.2,38.68
14231.0,1,925.71,18.51
14232.0,1,2048.07,17.81
14233.0,1,1462.72,41.79
14234.0,1,775.46,4.88
14235.0,1,3144.86,39.81
14236.0,1,490.86,32.72
14239.0,1,2380.85,21.26
14240.0,1,890.34,21.2
14242.0,1,280.55,17.53
14243.0,1,2588.77,18.36
14245.0,1,1693.45,15.68
14246.0,1,1474.06,19.65
14250.0,1,1904.05,17.15
14251.0,1,2879.7,36.92
14256.0,1,969.06,18.28
14257.0,1,3099.72,29.24
14258.0,1,12669.98,114.14
14261.0,1,1163.45,22.37
14262.0,1,2618.23,18.31
14264.0,1,333.97,19.65
14265.0,1,530.18,17.1
14267.0,1,1516.24,27.57
14272.0,1,437.96,13.27
14273.0,1,559.97,19.31
14276.0,1,1119.74,17.5
14277.0,1,4216.2,18.74
14282.0,1,3729.34,23.91
14284.0,1,595.25,18.6
14285.0,1,1910.01,70.74
14286.0,1,4628.75,16.53
14287.0,1,176.63,19.63
14289.0,1,911.26,19.39
14290.0,1,2314.65,22.92
14291.0,1,3883.25,16.39
14292.0,1,4871.93,48.72
14293.0,1,1046.56,17.16
14297.0,1,1305.33,21.05
14298.0,0,51527.3,31.48
14299.0,1,3965.62,27.73
14305.0,1,1858.96,17.7
14306.0,1,2093.32,63.43
14307.0,1,2995.72,16.64
14309.0,1,2352.53,20.11
14312.0,1,1611.59,18.52
14315.0,1,2481.13,24.57
14320.0,1,477.79,15.41
14321.0,1,1530.75,12.45
14323.0,1,605.06,16.81
14329.0,1,5014.84,19.36
14331.0,1,462.66,16.52
14332.0,1,866.31,33.32
14334.0,1,2552.21,15.75
14335.0,1,468.26,7.43
14336.0,1,1614.91,17.94
14338.0,1,588.22,18.97
14341.0,1,2182.28,16.92
14342.0,1,668.56,31.84
14344.0,1,889.93,12.53
14346.0,1,1021.58,17.03
14352.0,1,1078.96,22.96
14354.0,1,163.62,18.18
14356.0,1,701.23,21.25
14359.0,1,912.18,16.59
14360.0,1,2128.23,18.04
14364.0,1,3717.35,53.87
14367.0,1,9261.52,17.67
14377.0,1,617.05,56.1
14379.0,1,348.1,7.57
14383.0,1,1247.69,21.15
14385.0,1,202.11,14.44
14387.0,1,1770.56,12.65
14388.0,1,3212.84,17.27
14389.0,1,1043.46,23.19
14390.0,1,4652.82,16.27
14395.0,1,3507.71,10.02
14396.0,1,487.99,6.68
14397.0,1,2612.96,30.03
14401.0,1,4051.48,22.26
14403.0,1,1475.81,73.79
14404.0,1,1474.32,14.31
14407.0,1,2157.73,29.56
14408.0,1,2606.53,24.36
14409.0,1,2059.45,38.14
14410.0,1,1105.07,5.7
14412.0,1,770.03,17.91
14414.0,1,1496.98,15.43
14415.0,1,5900.28,10.0
14416.0,1,490.22,35.02
14418.0,1,1937.25,15.62
14419.0,1,1058.06,5.14
14421.0,1,813.11,30.12
14422.0,1,4263.64,19.21
14426.0,1,4481.67,20.01
14427.0,1,363.34,21.37
14428.0,1,1244.83,8.64
14432.0,1,2255.51,5.9
14434.0,1,1372.8,114.4
14440.0,1,2357.68,42.87
14441.0,1,1712.89,33.59
14442.0,1,1589.82,25.24
14443.0,1,1420.2,15.27
14446.0,1,1039.58,3.55
14447.0,1,1163.23,16.62
14448.0,1,375.35,18.77
14449.0,1,907.1,3.52
14450.0,1,483.25,12.08
14451.0,1,662.59,6.08
14452.0,1,264.44,4.27
14456.0,1,3062.4,3.16
14460.0,1,434.34,27.15
14461.0,1,2103.06,11.68
14462.0,1,2004.02,8.35
14463.0,1,529.62,88.27
14465.0,1,1058.62,8.14
14466.0,1,2272.4,31.56
14467.0,1,598.76,6.65
14470.0,1,461.19,10.73
14472.0,1,1936.84,6.89
14473.0,1,234.34,33.48
14475.0,1,925.85,22.04
14477.0,1,1309.6,130.96
14479.0,1,316.25,17.57
14481.0,1,636.51,21.22
14482.0,1,2068.15,14.36
14487.0,1,1196.33,8.31
14491.0,1,340.93,20.05
14493.0,1,2383.24,19.86
14495.0,1,123.8,20.63
14496.0,1,538.81,28.36
14498.0,1,1957.32,10.14
14499.0,1,815.32,4.2
14500.0,1,356.85,50.98
14501.0,1,251.21,25.12
14502.0,1,2470.67,3.96
14503.0,1,3543.26,21.61
14504.0,1,673.26,6.29
14505.0,1,5905.64,7.39
14506.0,1,2012.17,6.37
14507.0,1,1383.18,14.41
14508.0,1,276.42,4.85
14511.0,1,1314.81,19.34
14512.0,1,275.28,11.97
14513.0,1,455.59,37.97
14514.0,1,1055.35,14.46
14515.0,1,2102.09,20.81
14517.0,1,330.45,18.36
14522.0,1,974.54,57.33
14524.0,1,1867.68,9.2
14525.0,1,4332.2,14.89
14527.0,1,8508.82,8.75
14529.0,1,620.04,2.71
14530.0,1,2925.91,13.55
14532.0,1,932.85,14.58
14533.0,1,1949.72,31.45
14534.0,1,4447.05,8.57
14535.0,1,2864.19,8.68
14538.0,1,388.25,20.43
14539.0,1,537.48,16.8
14540.0,1,996.26,13.11
14541.0,1,1461.65,13.17
14543.0,1,3630.33,50.42
14544.0,1,2024.45,17.76
14546.0,1,2578.09,6.46
14547.0,1,4007.54,10.95
14550.0,1,765.62,15.95
14551.0,1,186.23,18.62
14553.0,1,859.27,7.6
14554.0,1,2381.04,11.02
14555.0,1,324.14,15.44
14560.0,1,2237.77,30.24
14561.0,1,1080.76,15.66
14562.0,1,5074.77,12.0
14565.0,1,3099.12,24.4
14567.0,1,1530.36,46.37
14572.0,1,2832.84,10.49
14573.0,1,1653.42,7.04
14577.0,1,859.71,6.99
14583.0,1,1052.55,3.19
14584.0,1,1042.26,10.42
14587.0,1,1601.14,4.18
14591.0,1,1447.14,7.35
14592.0,1,570.46,3.48
14593.0,1,617.99,4.07
14594.0,1,379.83,7.17
14595.0,1,1740.6,17.06
14597.0,1,883.15,16.06
14606.0,0,12156.65,4.5
14607.0,1,16569.5,192.67
14608.0,1,1785.15,89.26
14618.0,1,553.44,34.59
14620.0,1,412.78,15.88
14621.0,1,1788.36,19.44
14623.0,1,889.25,6.64
14624.0,1,225.85,17.37
14625.0,1,899.63,16.97
14626.0,1,2791.27,22.88
14628.0,1,671.96,28.0
14629.0,1,959.01,6.31
14631.0,1,1006.98,24.56
14636.0,1,609.85,21.78
14639.0,1,2984.49,17.35
14640.0,1,2125.08,20.05
14643.0,1,693.81,22.38
14644.0,1,830.76,31.95
14645.0,1,597.09,19.9
14646.0,0,280206.02,134.71
14649.0,1,1417.29,7.12
14651.0,1,654.6,6.42
14653.0,1,1947.55,8.22
14655.0,1,1932.23,39.43
14656.0,1,291.05,3.64
14657.0,1,848.22,6.73
14658.0,1,247.15,8.52
14659.0,1,2529.93,10.0
14660.0,1,285.74,9.52
14662.0,1,771.17,4.59
14664.0,1,637.89,6.44
14665.0,1,1835.7,20.4
14667.0,1,9241.2,16.13
14669.0,1,1269.99,7.47
14672.0,1,765.55,12.55
14673.0,1,1736.4,23.46
14676.0,1,2548.24,60.67
14680.0,1,28754.11,111.45
14681.0,1,498.95,71.28
14684.0,1,1236.28,2.94
14688.0,1,5630.87,17.22
14690.0,1,371.7,7.43
14691.0,1,2114.33,29.78
14692.0,1,591.55,8.7
14696.0,1,2078.95,15.99
14698.0,1,1250.76,5.96
14700.0,1,2235.3,19.44
14701.0,1,2549.37,7.61
14702.0,1,3292.14,9.49
14704.0,1,1546.91,3.73
14708.0,1,1126.37,40.23
14709.0,1,4921.04,25.11
14710.0,1,606.13,4.36
14711.0,1,2868.8,8.04
14712.0,1,917.07,36.68
14713.0,1,2666.36,7.87
14715.0,1,867.38,12.22
14716.0,1,329.68,5.99
14719.0,1,1602.13,6.76
14720.0,1,663.81,17.94
14723.0,1,1158.3,4.17
14730.0,1,2005.06,4.0
14731.0,1,380.02,8.44
14732.0,1,2702.49,18.38
14733.0,1,9585.91,47.46
14735.0,1,6065.69,31.27
14737.0,1,1164.55,68.5
14738.0,1,1314.45,24.34
14739.0,1,3902.28,65.04
14740.0,1,1448.21,16.27
14741.0,1,1400.34,23.73
14744.0,1,1099.98,42.31
14745.0,1,1220.26,17.68
14748.0,1,1415.75,15.91
14754.0,1,638.05,15.56
14755.0,1,5010.28,21.32
14758.0,1,1484.06,20.9
14759.0,1,1625.97,15.94
14761.0,1,255.9,23.26
14765.0,1,254.11,6.52
14766.0,1,2473.37,18.32
14768.0,1,192.6,38.52
14769.0,1,10674.75,9.79
14770.0,1,876.42,16.85
14775.0,1,1011.9,16.86
14776.0,1,2538.3,21.69
14778.0,1,730.86,20.88
14779.0,1,386.15,9.42
14780.0,1,447.68,16.58
14784.0,1,289.99,19.33
14788.0,1,679.44,22.65
14790.0,1,745.06,16.2
14794.0,1,1319.91,16.5
14796.0,1,8022.49,7.03
14798.0,1,173.74,14.48
14800.0,1,4339.74,11.27
14803.0,1,845.55,19.22
14805.0,1,554.65,11.8
14808.0,1,2741.17,11.66
14810.0,1,2087.88,8.19
14815.0,1,778.5,14.69
14817.0,1,1110.34,17.62
14818.0,1,657.8,13.7
14819.0,1,272.07,20.93
14820.0,1,507.29,17.49
14823.0,1,321.43,4.59
14824.0,1,1127.71,38.89
14825.0,1,2226.91,18.4
14828.0,1,2139.76,125.87
14829.0,1,697.55,16.61
14834.0,1,1720.3,25.68
14836.0,1,102.45,17.08
14837.0,1,1649.5,15.27
14841.0,1,3295.76,23.88
14842.0,1,2824.69,19.48
14844.0,1,3189.81,24.54
14849.0,1,7930.54,20.44
14851.0,1,511.35,18.26
14852.0,1,2836.69,19.84
14853.0,1,475.8,52.87
14854.0,1,2759.83,21.73
14855.0,1,645.65,32.28
14856.0,1,1311.38,19.87
14857.0,1,1173.12,19.55
14859.0,1,1353.74,23.34
14862.0,1,841.2,17.52
14866.0,1,14389.9,145.35
14867.0,1,710.28,19.73
14868.0,1,2953.59,20.51
14869.0,1,725.7,10.22
14871.0,1,522.38,5.33
14875.0,1,1465.32,31.18
14878.0,1,1485.54,11.98
14880.0,1,706.19,15.03
14882.0,1,589.7,53.61
14883.0,1,761.59,14.37
14891.0,1,554.38,16.8
14893.0,1,1237.85,16.96
14895.0,1,11138.71,22.37
14896.0,1,468.77,10.9
14897.0,1,1366.38,24.84
14898.0,1,1303.52,11.24
14901.0,1,1421.29,14.81
14903.0,1,2810.63,7.92
14904.0,1,1025.44,14.86
14905.0,1,616.15,36.24
14907.0,1,3501.1,21.22
14910.0,1,434.35,14.48
14911.0,0,143825.06,25.33
14912.0,1,867.85,32.14
14913.0,1,1227.43,14.11
14915.0,1,307.48,25.62
14916.0,1,1268.98,16.48
14918.0,1,1610.15,35.78
14921.0,1,1316.07,16.87
14930.0,1,2372.86,18.54
14931.0,1,1257.68,30.68
14934.0,1,1890.94,21.73
14936.0,1,8137.02,22.35
14937.0,1,1621.88,47.7
14944.0,1,5900.25,34.71
14947.0,1,290.82,20.77
14948.0,1,1101.97,17.49
14952.0,1,8099.49,58.69
14958.0,1,499.68,11.9
14959.0,1,695.42,11.79
14960.0,1,221.27,8.2
14961.0,1,7044.68,22.58
14963.0,1,1487.8,7.51
14970.0,1,1592.06,46.83
14971.0,1,1116.57,6.98
14973.0,1,1314.45,41.08
14976.0,1,790.86,10.98
14978.0,1,1931.42,8.94
14984.0,1,213.27,5.2
14985.0,1,296.75,3.41
14995.0,1,233.23,3.82
14997.0,1,546.2,21.01
14998.0,1,429.87,5.73
15002.0,1,1641.76,14.28
15005.0,1,6316.57,5.64
15009.0,1,1261.78,6.93
15012.0,1,423.04,3.3
15014.0,1,260.17,7.43
15018.0,1,496.21,16.01
15021.0,1,1914.82,4.06
15022.0,1,905.04,6.7
15023.0,1,6802.76,12.1
15024.0,1,1661.33,10.72
15026.0,1,469.0,7.69
15027.0,1,1066.15,30.46
15028.0,1,627.13,13.07
15030.0,1,518.28,74.04
15031.0,1,668.14,6.02
15032.0,1,4959.1,95.37
15033.0,1,2586.67,5.07
15034.0,1,4308.61,10.94
15036.0,1,465.55,3.67
15038.0,1,705.49,5.43
15039.0,1,19914.44,13.26
15044.0,1,7700.23,17.0
15045.0,1,735.66,61.3
15046.0,1,5213.77,25.31
15048.0,1,384.05,3.96
15050.0,1,1782.09,22.85
15051.0,1,1391.61,9.73
15053.0,1,697.79,9.83
15054.0,1,302.1,2.65
15057.0,1,1489.5,59.58
15058.0,1,2124.99,7.7
15059.0,1,1337.72,5.64
15061.0,1,54534.14,135.32
15062.0,1,987.86,17.33
15065.0,1,3158.13,20.38
15067.0,1,1744.76,21.28
15068.0,1,553.36,5.32
15071.0,1,982.07,37.77
15073.0,1,1043.41,19.32
15078.0,1,9743.11,22.14
15079.0,1,895.61,19.06
15081.0,1,504.8,15.3
15088.0,1,1160.07,20.35
15089.0,1,2420.84,16.7
15092.0,1,457.81,17.61
15093.0,1,4597.02,42.57
15095.0,1,1370.6,29.16
15101.0,1,317.53,39.69
15103.0,1,703.36,20.1
15104.0,1,1027.44,14.89
15105.0,1,2298.93,22.76
15106.0,1,1422.52,14.23
15107.0,1,319.5,18.79
15108.0,1,1300.25,21.67
15110.0,1,996.1,28.46
15111.0,1,1567.48,18.66
15113.0,1,3609.33,36.09
15114.0,1,2760.56,14.01
15116.0,1,1352.75,30.06
15117.0,1,1551.78,19.64
15121.0,1,457.72,16.35
15122.0,1,1633.78,19.92
15123.0,1,2199.31,20.75
15124.0,1,184.19,12.28
15125.0,1,11528.48,90.78
15128.0,1,1471.0,14.42
15129.0,1,3447.4,41.04
15132.0,1,977.93,18.81
15133.0,1,982.42,33.88
15134.0,1,1387.99,19.01
15136.0,1,1286.7,18.92
15139.0,1,178.96,13.77
15140.0,1,2354.25,29.43
15144.0,1,6580.44,30.32
15145.0,1,1194.73,17.83
15146.0,1,1327.16,14.58
15150.0,1,5314.47,15.49
15152.0,1,4745.69,17.51
15156.0,1,961.49,17.48
15157.0,1,1936.07,15.49
15159.0,1,18641.01,26.25
15163.0,1,304.47,10.5
15164.0,1,843.05,8.18
15172.0,1,1624.05,14.76
15179.0,1,2206.95,23.73
15181.0,1,689.48,43.09
15182.0,1,622.85,21.48
15184.0,1,406.76,6.46
15186.0,1,411.41,21.65
15187.0,1,4777.18,52.5
15189.0,1,16225.39,76.53
15192.0,1,1044.32,20.48
15194.0,1,7616.53,24.57
15197.0,1,1079.61,33.74
15198.0,1,193.64,19.36
15199.0,1,1268.7,97.59
15201.0,1,1236.54,17.92
15203.0,1,1827.8,12.87
15205.0,1,653.24,17.66
15206.0,1,420.3,46.7
15208.0,1,870.12,20.72
15211.0,1,894.41,17.2
15213.0,1,328.35,13.68
15214.0,1,1661.44,15.1
15215.0,1,734.94,21.0
15218.0,1,5756.89,34.68
15220.0,1,1778.96,15.2
15223.0,1,755.75,37.79
15224.0,1,322.08,23.01
15227.0,1,1219.4,21.02
15228.0,1,3386.71,27.09
15230.0,1,429.6,18.68
15232.0,1,612.06,19.74
15235.0,1,2247.51,15.72
15237.0,1,1412.32,14.27
15238.0,1,1071.99,21.44
15239.0,1,780.59,15.93
15240.0,1,1706.57,21.88
15241.0,1,1756.44,15.97
15244.0,1,631.57,18.58
15245.0,1,2515.84,28.27
15246.0,1,514.15,15.58
15249.0,1,6688.46,19.11
15251.0,1,10484.99,94.46
15252.0,1,740.78,16.84
15253.0,1,918.2,17.32
15258.0,1,623.16,18.33
15260.0,1,1810.77,23.52
15265.0,1,1506.12,18.37
15267.0,1,1717.36,156.12
15270.0,1,2379.49,58.04
15271.0,1,2507.07,9.15
15272.0,1,721.94,11.46
15274.0,1,716.57,15.25
15281.0,1,2332.15,16.78
15287.0,1,486.69,24.33
15288.0,1,2306.52,26.21
15289.0,1,939.78,16.2
15290.0,1,7943.22,38.94
15291.0,1,4668.3,45.32
15296.0,1,3672.86,18.93
15297.0,1,641.94,16.46
15298.0,1,4799.9,25.0
15299.0,1,4507.01,643.86
15301.0,1,5070.35,20.87
15304.0,1,694.4,30.19
15306.0,1,1174.35,20.25
15311.0,0,60767.9,25.54
15312.0,1,924.85,19.68
15315.0,1,570.5,15.42
15321.0,1,2748.31,28.93
15329.0,1,1049.7,18.42
15330.0,1,714.96,55.0
15332.0,1,1661.06,47.46
15334.0,1,351.67,3.55
15339.0,1,574.07,6.68
15344.0,1,563.94,21.69
15349.0,1,473.81,6.58
15351.0,1,1960.11,8.71
15353.0,1,777.02,12.33
15355.0,1,277.05,19.79
15356.0,1,2766.5,5.33
15358.0,1,8347.2,15.15
15364.0,1,913.19,31.49
15365.0,1,2314.32,20.3
15366.0,1,602.51,13.69
15367.0,1,1877.59,19.76
15370.0,1,2386.05,25.38
15373.0,1,2415.91,18.3
15376.0,1,1233.36,10.54
15379.0,1,3703.29,19.09
15380.0,1,1690.26,46.95
15381.0,1,596.85,74.61
15382.0,1,5955.71,19.72
15384.0,1,642.41,15.67
15392.0,1,1535.53,18.28
15393.0,1,231.86,19.32
15394.0,1,2183.54,25.69
15398.0,1,1345.53,18.43
15399.0,1,815.77,16.32
15400.0,1,716.2,59.68
15402.0,1,626.77,14.92
15406.0,1,510.71,9.64
15407.0,1,1056.44,6.9
15410.0,1,3450.84,28.29
15411.0,1,1358.88,13.73
15414.0,1,774.9,19.87
15416.0,1,3984.32,20.75
15421.0,1,950.36,17.93
15426.0,1,1447.39,4.96
15427.0,1,1483.14,4.85
15429.0,1,397.35,4.85
15433.0,1,533.3,13.01
15434.0,1,1041.48,18.94
15436.0,1,1122.53,3.41
15440.0,1,383.68,6.19
15443.0,1,3236.91,8.47
15444.0,1,1418.26,6.48
15449.0,1,974.52,16.24
15452.0,1,538.73,9.29
15453.0,1,1388.37,4.85
15456.0,1,447.22,7.45
15462.0,1,234.6,21.33
15465.0,1,7354.62,75.82
15467.0,1,524.88,10.09
15469.0,1,538.55,22.44
15473.0,1,1771.2,161.02
15478.0,1,1441.42,31.34
15482.0,1,11054.96,112.81
15483.0,1,233.81,2.66
15484.0,1,3594.31,19.12
15485.0,1,2575.0,29.94
15489.0,1,1134.28,22.69
15491.0,1,3100.09,20.13
15492.0,1,659.46,18.84
15493.0,1,2001.8,6.74
15494.0,1,1299.23,10.39
15497.0,1,1262.2,84.15
15498.0,1,13316.4,26.01
15500.0,1,1131.56,16.64
15502.0,1,10384.93,48.76
15505.0,1,3610.96,37.23
15506.0,1,979.26,5.97
15508.0,1,1000.27,10.87
15511.0,1,909.23,5.68
15512.0,1,121.0,17.29
15513.0,1,14758.22,47.92
15514.0,1,4139.46,23.26
15516.0,1,62.43,4.16
15518.0,1,1942.45,9.08
15521.0,1,3000.2,16.22
15522.0,1,398.84,7.0
15525.0,1,825.92,4.64
15527.0,1,2429.78,14.91
15529.0,1,3995.23,5.95
15530.0,1,1502.35,13.91
15531.0,1,2007.44,8.8
15532.0,1,1580.93,6.18
15533.0,1,807.57,9.73
15535.0,1,536.4,7.15
15544.0,1,3546.71,13.69
15545.0,1,292.72,3.61
15547.0,1,4954.84,7.06
15549.0,1,1693.26,14.72
15550.0,1,575.63,9.44
15555.0,1,4805.17,5.35
15561.0,1,800.59,29.65
15563.0,1,1400.44,12.39
15565.0,1,173.16,21.64
15568.0,1,758.29,14.31
15569.0,1,1375.71,44.38
15570.0,1,4165.52,12.9
15571.0,1,650.43,11.41
15572.0,1,2552.86,11.87
15573.0,1,607.45,5.84
15574.0,1,702.25,4.18
15577.0,1,258.88,6.64
15579.0,1,348.6,6.84
15581.0,1,3679.97,24.53
15582.0,1,682.91,15.52
15584.0,1,725.11,5.9
15587.0,1,913.68,101.52
15589.0,1,478.53,16.5
15594.0,1,1771.78,17.2
15596.0,1,1406.59,18.27
15599.0,1,761.74,14.65
15601.0,1,6776.56,16.53
15602.0,1,1297.87,27.61
15605.0,1,1198.23,17.88
15606.0,1,2920.16,37.92
15608.0,1,1093.68,18.23
15611.0,1,1591.45,37.01
15612.0,1,195.15,32.52
15615.0,1,10399.74,24.59
15618.0,1,776.85,17.26
15620.0,1,1553.18,15.53
15621.0,1,1293.03,80.81
15622.0,1,3709.56,20.05
15624.0,1,588.13,17.3
15625.0,1,1534.26,23.97
15626.0,1,675.8,13.79
15628.0,1,2870.24,18.52
15630.0,1,1186.35,19.77
15632.0,1,3285.31,19.67
15636.0,1,724.76,28.99
15640.0,1,12515.66,25.86
15641.0,1,1887.2,15.86
15643.0,1,664.0,20.12
15644.0,1,813.0,3.42
15646.0,1,447.64,12.79
15648.0,1,657.35,26.29
15651.0,1,646.3,20.2
15653.0,1,877.44,146.24
15654.0,1,922.53,43.93
15656.0,1,748.5,15.93
15658.0,1,1024.1,21.34
15660.0,1,1600.86,17.79
15661.0,1,309.8,61.96
15665.0,1,2242.01,19.33
15669.0,1,684.34,20.74
15671.0,1,2657.13,34.07
15673.0,1,2881.02,18.59
15674.0,1,2446.6,21.46
15675.0,1,323.69,15.41
15676.0,1,3435.76,17.01
15679.0,1,781.28,7.1
15680.0,1,1333.68,17.1
15681.0,1,1426.16,26.91
15687.0,1,2993.1,18.03
15689.0,1,254.1,28.23
15690.0,1,239.76,12.62
15694.0,1,6479.4,83.07
15696.0,1,2736.46,16.0
15700.0,1,696.68,8.1
15701.0,1,1542.14,6.51
15704.0,1,2293.62,19.6
15706.0,1,1060.56,19.28
15707.0,1,945.58,4.42
15708.0,1,3364.24,11.68
15712.0,1,1072.36,20.23
15713.0,1,356.7,18.77
15714.0,1,330.88,9.45
15716.0,1,1118.81,9.48
15719.0,1,5045.61,5.38
15722.0,1,2222.56,32.21
15724.0,1,218.25,19.84
15727.0,1,5178.96,17.15
15730.0,1,1120.88,16.01
15732.0,1,294.12,21.01
15734.0,1,1339.45,51.52
15737.0,1,1205.12,16.74
15738.0,1,4812.42,27.82
15743.0,1,784.46,8.91
15745.0,1,1094.59,17.65
15747.0,1,974.04,10.47
15749.0,0,44534.3,4453.43
15750.0,1,2465.48,8.41
15752.0,1,2637.38,6.42
15754.0,1,458.57,16.38
15755.0,1,2364.25,16.77
15756.0,1,532.96,2.78
15757.0,1,714.42,15.88
15759.0,1,253.04,36.15
15762.0,1,583.75,15.78
15763.0,1,1086.92,17.82
15764.0,1,3279.97,18.22
15768.0,1,621.83,23.03
15769.0,1,56252.72,432.71
15777.0,1,1047.11,49.86
15780.0,1,475.28,16.39
15781.0,1,345.46,17.27
15782.0,1,2614.74,60.81
15785.0,1,2328.97,28.06
15786.0,1,4932.2,18.47
15787.0,1,948.05,4.6
15791.0,1,1612.69,21.5
15793.0,1,965.61,80.47
15796.0,1,2711.56,20.39
15797.0,1,2207.4,275.92
15799.0,1,884.14,9.02
15800.0,1,699.08,5.87
15801.0,1,1063.95,16.62
15804.0,1,4206.39,15.99
15805.0,1,5528.48,18.37
15806.0,1,784.58,25.31
15807.0,1,903.9,18.83
15808.0,1,3734.97,17.96
15809.0,1,515.77,14.74
15810.0,1,1391.98,15.64
15811.0,1,2218.62,16.68
15812.0,1,1801.14,43.93
15813.0,1,1303.91,32.6
15814.0,1,1945.33,27.02
15815.0,1,2100.6,42.87
15819.0,1,1905.45,15.49
15821.0,1,570.96,9.21
15822.0,1,885.47,26.83
15826.0,1,1654.31,24.33
15827.0,1,1836.09,15.97
15829.0,1,636.14,12.47
15831.0,1,801.76,11.79
15834.0,1,2233.75,8.18
15835.0,1,954.09,19.08
15838.0,1,33643.08,201.46
15839.0,1,1048.49,16.91
15840.0,1,355.56,13.17
15841.0,1,1224.06,26.04
15845.0,1,3711.77,26.9
15847.0,1,389.27,17.69
15850.0,1,238.85,2.46
15852.0,1,160.71,7.31
15854.0,1,2974.65,21.25
15855.0,1,712.24,8.9
15856.0,1,16387.57,25.41
15858.0,1,1438.85,7.53
15860.0,1,977.21,6.88
15861.0,1,3165.36,5.8
15862.0,1,832.88,5.67
15863.0,1,68.84,3.82
15864.0,1,1936.32,96.82
15865.0,1,895.13,22.38
15867.0,1,3812.64,8.27
15874.0,1,4405.88,36.72
15877.0,1,493.28,3.82
15881.0,1,501.39,17.29
15882.0,1,516.36,22.45
15883.0,1,396.48,8.09
15885.0,1,379.35,21.08
15889.0,1,446.87,4.81
15894.0,1,263.55,6.43
15898.0,1,1388.88,16.15
15901.0,1,363.88,3.14
15903.0,1,5126.76,69.28
15906.0,1,1567.69,10.45
15907.0,1,967.45,3.89
15910.0,1,1232.18,4.61
15912.0,1,264.62,13.93
15916.0,1,1528.09,9.86
15918.0,1,334.23,8.36
15919.0,1,639.89,4.47
15932.0,1,2495.87,21.7
15933.0,1,1107.46,14.97
15935.0,1,416.86,34.74
15938.0,1,404.58,22.48
15939.0,1,6115.01,80.46
15948.0,1,955.24,15.92
15949.0,1,364.72,19.2
15950.0,1,1765.51,18.02
15951.0,1,708.22,17.27
15952.0,1,806.57,8.86
15953.0,1,1659.38,16.93
15955.0,1,4416.26,24.13
15963.0,1,470.76,16.81
15965.0,1,845.64,6.93
15967.0,1,418.83,4.99
15969.0,1,666.1,33.3
15971.0,1,4199.85,120.0
15974.0,1,3442.15,19.56
15976.0,1,430.94,4.4
15977.0,1,1054.73,16.23
15980.0,1,2398.86,55.79
15981.0,1,3408.48,35.14
15983.0,1,1475.02,13.05
15984.0,1,2837.67,10.51
15985.0,1,1142.42,30.88
15987.0,1,1451.28,10.37
15990.0,1,792.11,15.23
15993.0,1,2797.57,5.07
15996.0,1,1060.68,8.16
15998.0,1,3089.97,6.11
16003.0,1,2735.37,26.56
16005.0,1,615.39,2.82
16007.0,1,1701.94,4.42
16008.0,1,478.78,14.51
16009.0,1,992.71,11.03
16010.0,1,407.5,4.74
16011.0,1,3362.71,15.86
16012.0,1,1415.29,15.06
16013.0,1,37130.6,267.13
16014.0,1,662.38,4.57
16015.0,1,705.39,3.88
16016.0,1,1508.76,6.42
16018.0,1,408.9,14.6
16019.0,1,3786.24,23.66
16020.0,1,851.01,18.5
16023.0,1,719.81,7.13
16027.0,1,934.62,58.41
16029.0,0,81024.84,334.81
16031.0,1,548.94,5.49
16033.0,1,8816.4,7.75
16034.0,1,437.7,19.9
16036.0,1,758.92,13.8
16037.0,1,855.02,21.92
16038.0,1,471.78,18.15
16040.0,1,1313.55,20.21
16041.0,1,3166.4,527.73
16042.0,1,1197.27,16.86
16043.0,1,773.99,19.85
16045.0,1,1340.7,16.15
16049.0,1,1111.79,3.56
16053.0,1,1511.95,18.0
16057.0,1,2263.12,18.7
16059.0,1,1459.86,8.11
16062.0,1,1153.62,18.03
16066.0,1,1521.87,14.92
16070.0,1,852.15,25.82
16076.0,1,2234.73,17.32
16079.0,1,1352.0,64.38
16080.0,1,217.16,21.72
16081.0,1,2806.9,12.37
16083.0,1,1317.62,42.5
16085.0,1,981.51,5.88
16086.0,1,1121.39,28.75
16091.0,1,315.06,17.5
16092.0,1,817.86,16.04
16094.0,1,1078.23,17.11
16098.0,1,2005.63,29.93
16099.0,1,731.9,18.77
16102.0,1,1842.14,32.32
16103.0,1,1429.64,29.78
16107.0,1,3204.16,103.36
16109.0,1,611.88,33.99
16110.0,1,1337.48,3.78
16112.0,1,195.74,12.23
16115.0,1,1667.97,5.87
16119.0,1,423.36,26.46
16121.0,1,867.11,4.09
16122.0,1,684.42,18.01
16126.0,1,6287.77,53.74
16128.0,1,1880.22,21.13
16131.0,1,3506.54,44.96
16133.0,1,14589.04,43.04
16134.0,1,618.09,17.66
16136.0,1,709.38,19.17
16139.0,1,635.41,20.5
16140.0,1,725.18,20.72
16143.0,1,2424.94,20.73
16145.0,1,3799.49,16.96
16146.0,1,734.13,25.31
16149.0,1,280.52,15.58
16150.0,1,2053.02,17.55
16153.0,1,1824.23,20.5
16156.0,1,3122.04,24.02
16157.0,1,656.69,36.48
16160.0,1,1025.44,51.27
16161.0,1,5575.56,11.76
16163.0,1,856.6,142.77
16164.0,1,822.48,24.19
16168.0,1,3787.6,38.65
16169.0,1,1822.97,21.45
16170.0,1,1885.05,15.08
16172.0,1,1140.21,16.52
16173.0,1,1418.32,16.88
16174.0,1,1009.55,43.89
16175.0,1,1037.59,17.89
16180.0,1,10254.18,63.3
16182.0,1,6617.65,236.34
16184.0,1,1158.79,25.75
16185.0,1,529.41,17.08
16186.0,1,4006.94,18.38
16187.0,1,6911.44,23.43
16188.0,1,981.86,14.65
16189.0,1,215.48,19.59
16191.0,1,5180.52,38.66
16200.0,1,1080.62,6.04
16201.0,1,1863.47,16.79
16203.0,1,592.9,16.94
16205.0,1,761.38,7.77
16206.0,1,537.06,8.52
16208.0,1,664.26,10.06
16209.0,1,2262.62,49.19
16210.0,1,21086.3,171.43
16212.0,1,690.34,16.84
16214.0,1,1062.75,24.15
16217.0,1,304.25,20.28
16218.0,1,3084.68,36.72
16221.0,1,864.86,8.92
16224.0,1,1295.3,13.49
16225.0,1,1096.32,8.18
16226.0,1,255.12,31.89
16229.0,1,1010.6,21.5
16230.0,1,542.03,15.49
16232.0,1,990.88,26.78
16233.0,1,536.68,24.39
16235.0,1,867.31,18.85
16239.0,1,414.2,21.8
16240.0,1,3718.8,27.55
16241.0,1,2607.87,3.94
16242.0,1,3603.21,12.26
16243.0,1,409.1,8.02
16244.0,1,1522.75,16.73
16245.0,1,1413.66,15.71
16249.0,1,1800.07,26.09
16250.0,1,389.44,16.23
16253.0,1,3683.86,29.95
16255.0,1,2619.91,9.7
16258.0,1,5203.51,38.54
16261.0,1,746.83,6.02
16265.0,1,5447.0,21.11
16266.0,1,861.89,14.13
16271.0,1,1429.24,10.75
16279.0,1,1509.58,14.11
16283.0,1,1570.81,9.46
16284.0,1,823.97,7.56
16293.0,1,2248.99,19.06
16295.0,1,1328.55,16.82
16298.0,1,598.2,22.16
16303.0,1,5360.63,33.09
16306.0,1,632.27,15.42
16309.0,1,706.57,16.82
16311.0,1,616.26,16.66
16313.0,1,274.15,17.13
16316.0,1,2938.91,19.46
16317.0,1,1341.65,19.44
16320.0,1,1038.46,18.54
16321.0,1,373.65,31.14
16322.0,1,326.75,8.83
16324.0,1,428.68,3.63
16325.0,1,594.24,33.01
16326.0,1,3110.96,9.75
16327.0,1,3844.22,12.05
16330.0,1,251.91,6.46
16332.0,1,1593.2,10.41
16333.0,1,26626.8,591.71
16341.0,1,1971.87,25.61
16342.0,1,322.41,21.49
16347.0,1,887.65,9.65
16348.0,1,1469.45,6.25
16350.0,1,1116.47,19.59
16352.0,1,494.44,17.66
16353.0,1,6675.71,71.02
16354.0,1,395.8,10.15
16356.0,1,211.77,6.83
16357.0,1,658.88,19.38
16358.0,1,2027.5,18.6
16359.0,1,1750.92,26.53
16360.0,1,3512.53,5.31
16361.0,1,896.66,8.46
16362.0,1,734.77,9.07
16364.0,1,707.04,13.34
16365.0,1,1540.42,30.2
16367.0,1,804.49,6.19
16368.0,1,497.43,6.55
16369.0,1,1553.66,13.17
16370.0,1,1320.56,5.79
16374.0,1,473.03,4.26
16376.0,1,987.01,7.9
16378.0,1,362.95,15.78
16379.0,1,2157.4,19.98
16383.0,1,668.36,6.55
16384.0,1,584.5,17.71
16385.0,1,555.89,9.42
16386.0,1,317.2,3.6
16389.0,1,1382.07,40.65
16393.0,1,3046.21,9.23
16394.0,1,1555.34,18.74
16395.0,1,1486.9,7.08
16398.0,1,1705.8,20.8
16399.0,1,408.57,5.6
16401.0,1,4098.32,22.03
16402.0,1,299.6,4.99
16405.0,1,167.25,33.45
16407.0,1,2126.93,12.37
16409.0,1,2028.88,8.75
16411.0,1,214.65,4.77
16414.0,1,126.25,18.04
16416.0,1,1051.4,14.81
16418.0,1,675.27,6.62
16419.0,1,972.23,19.06
16422.0,1,34684.4,94.0
16426.0,1,1908.25,5.13
16427.0,1,241.06,26.78
16431.0,1,642.81,7.74
16434.0,1,1522.25,13.97
16438.0,1,798.35,6.05
16440.0,1,3640.67,12.91
16441.0,1,381.2,15.88
16442.0,1,616.79,3.54
16444.0,1,654.67,7.79
16449.0,1,707.69,17.69
16455.0,1,1841.18,18.6
16456.0,1,2158.37,19.44
16458.0,1,3482.74,17.24
16460.0,1,814.72,6.03
16463.0,1,1422.4,17.35
16464.0,1,1314.68,5.57
16466.0,1,1603.46,10.83
16469.0,1,650.43,3.57
16470.0,1,762.39,4.48
16473.0,1,316.11,17.56
16474.0,1,1871.5,5.2
16475.0,1,544.3,19.44
16477.0,1,2494.46,17.09
16478.0,1,331.0,19.47
16484.0,1,404.3,16.17
16488.0,1,498.8,17.2
16493.0,1,1351.63,24.14
16495.0,1,684.41,7.06
16496.0,1,1599.52,16.84
16497.0,1,2965.69,21.81
16499.0,1,365.45,19.23
16500.0,1,400.86,36.44
16503.0,1,1431.93,17.05
16511.0,1,950.26,5.62
16513.0,1,874.59,24.99
16515.0,1,1627.13,14.4
16518.0,1,484.32,12.11
16519.0,1,215.08,16.54
16520.0,1,1046.57,6.71
16523.0,1,9418.47,32.48
16525.0,1,13027.45,71.19
16531.0,1,1244.59,16.16
16533.0,1,1095.56,6.19
16539.0,1,1388.81,30.86
16546.0,1,787.15,31.49
16549.0,1,4154.64,4.24
16550.0,1,2298.97,9.16
16551.0,1,922.12,28.82
16552.0,1,379.73,22.34
16553.0,1,5719.82,68.09
16554.0,1,837.1,16.1
16555.0,1,285.89,16.82
16556.0,1,3313.79,16.01
16557.0,1,281.85,25.62
16558.0,1,8338.49,18.13
16560.0,1,841.41,14.76
16561.0,1,511.12,16.49
16566.0,1,614.66,34.15
16567.0,1,865.6,24.73
16570.0,1,3738.4,29.67
16571.0,1,1421.69,16.34
16572.0,1,1009.6,17.71
16573.0,1,663.61,15.8
16584.0,1,936.08,33.43
16589.0,1,459.24,13.92
16592.0,1,4113.68,19.04
16593.0,1,330.03,12.22
16596.0,1,250.15,20.85
16600.0,1,813.52,13.12
16603.0,1,482.47,14.19
16607.0,1,3347.71,19.46
16609.0,1,5493.46,19.9
16612.0,1,1187.66,17.99
16616.0,1,500.42,15.16
16618.0,1,2647.59,27.58
16620.0,1,178.96,19.88
16621.0,1,813.48,28.05
16624.0,1,810.57,16.89
16626.0,1,4413.1,24.65
16628.0,1,2188.05,18.7
16629.0,1,417.73,6.53
16633.0,1,2883.1,18.97
16634.0,1,217.9,24.21
16637.0,1,1154.47,16.73
16638.0,1,1680.72,17.88
16639.0,1,1257.51,25.15
16642.0,1,688.33,20.24
16644.0,1,833.78,13.45
16647.0,1,214.06,15.29
16652.0,1,6773.97,57.41
16653.0,1,1212.66,17.57
16654.0,1,601.27,20.73
16655.0,1,3794.52,14.54
16656.0,1,8625.8,118.16
16657.0,1,933.62,4.49
16660.0,1,1267.65,79.23
16667.0,1,570.13,10.76
16668.0,1,306.72,15.34
16669.0,1,1374.87,8.59
16670.0,1,4095.9,16.25
16671.0,1,1692.27,282.04
16672.0,1,8134.94,71.36
16674.0,1,319.61,3.26
16676.0,1,1592.12,17.89
16678.0,1,3109.99,19.08
16681.0,1,1770.34,40.24
16682.0,1,1028.0,34.27
16684.0,1,66653.56,240.63
16686.0,1,3062.83,5.24
16688.0,1,1260.86,20.34
16689.0,1,422.6,32.51
16690.0,1,225.58,18.8
16693.0,1,482.01,8.03
16696.0,1,657.9,65.79
16698.0,1,1998.0,399.6
16700.0,1,5076.55,16.48
16701.0,1,5398.3,37.49
16705.0,1,14034.99,51.98
16706.0,1,531.35,4.32
16709.0,1,3029.87,38.35
16710.0,1,2483.04,6.18
16711.0,1,1651.03,75.05
16712.0,1,3645.43,8.16
16713.0,1,6923.13,11.09
16714.0,1,1161.53,12.49
16717.0,1,3858.38,19.39
16719.0,1,1790.42,8.91
16722.0,1,4730.81,21.03
16723.0,1,589.15,13.7
16725.0,1,781.02,5.17
16726.0,1,1382.02,7.47
16728.0,1,1054.67,3.92
16729.0,1,7239.92,10.97
16730.0,1,743.11,9.06
16734.0,1,650.51,12.27
16735.0,1,2300.56,18.4
16743.0,1,2238.09,11.72
16744.0,1,1304.76,5.39
16745.0,1,7194.3,20.15
16746.0,1,6697.66,14.92
16747.0,1,836.06,19.91
16748.0,1,1515.9,21.97
16750.0,1,623.93,6.57
16755.0,1,1496.83,8.8
16759.0,1,789.79,18.8
16762.0,1,1501.38,16.87
16764.0,1,2799.25,3.96
16767.0,1,5580.6,25.14
16768.0,1,478.09,8.85
16770.0,1,770.1,5.31
16771.0,1,2246.81,8.81
16774.0,1,661.52,13.78
16775.0,1,1695.66,10.73
16777.0,1,226.35,4.53
16778.0,1,245.94,15.37
16779.0,1,10629.72,31.92
16780.0,1,425.19,7.09
16782.0,1,2279.9,12.0
16788.0,1,597.48,3.85
16790.0,1,1545.62,16.62
16791.0,1,1721.78,5.38
16794.0,1,1222.71,4.29
16801.0,1,1619.73,21.31
16804.0,1,536.99,8.95
16805.0,1,460.59,4.7
16806.0,1,801.49,7.78
16807.0,1,1121.59,16.74
16808.0,1,288.42,12.54
16809.0,1,914.69,6.14
16811.0,1,547.07,19.54
16813.0,1,1692.98,3.77
16814.0,1,6509.1,20.09
16816.0,1,417.06,14.9
16817.0,1,1604.75,18.66
16818.0,1,3349.57,17.72
16824.0,1,460.64,17.72
16825.0,1,775.18,27.68
16828.0,1,128.5,16.06
16832.0,1,199.15,16.6
16833.0,1,1106.53,23.54
16835.0,1,180.85,18.08
16836.0,1,251.87,22.9
16837.0,1,3170.98,19.22
16838.0,1,588.85,23.55
16839.0,1,16594.35,62.38
16841.0,1,1869.82,16.12
16842.0,1,1264.19,20.07
16843.0,1,10196.57,26.98
16851.0,1,342.45,17.12
16852.0,1,144.91,16.1
16855.0,1,328.4,17.28
16859.0,1,747.81,14.38
16861.0,1,173.76,28.96
16863.0,1,502.8,19.34
16866.0,1,207.74,18.89
16869.0,1,825.42,6.45
16871.0,1,2812.34,20.53
16872.0,1,680.02,97.15
16873.0,1,7123.62,25.53
16875.0,1,2095.53,18.71
16877.0,1,853.72,5.37
16880.0,1,1519.08,8.53
16882.0,1,705.12,18.08
16883.0,1,276.73,7.28
16885.0,1,471.51,4.67
16889.0,1,1578.67,11.69
16891.0,1,809.7,3.99
16892.0,1,525.54,5.31
16897.0,1,289.78,7.83
16898.0,1,508.81,3.14
16899.0,1,1281.56,10.25
16900.0,1,887.11,11.23
16904.0,1,3754.27,5.29
16905.0,1,3102.43,14.92
16906.0,1,579.77,6.23
16907.0,1,981.65,6.5
16910.0,1,1510.06,2.76
16912.0,1,2575.38,25.5
16915.0,1,621.68,10.91
16916.0,1,576.26,4.03
16918.0,1,1068.82,8.35
16919.0,1,2596.45,7.94
16923.0,1,7247.61,10.79
16924.0,1,846.75,10.2
16927.0,1,543.05,90.51
16928.0,1,2847.6,13.62
16929.0,1,1295.39,16.82
16930.0,1,380.55,7.05
16931.0,1,4604.22,5.13
16933.0,1,563.23,12.8
16938.0,1,2736.38,11.35
16940.0,1,3049.88,10.0
16942.0,1,1920.59,6.83
16943.0,1,816.73,24.75
16945.0,1,4345.5,17.45
16948.0,1,435.02,22.9
16949.0,1,1286.27,21.44
16950.0,1,1178.56,28.06
16951.0,1,1277.75,14.86
16954.0,1,2085.08,38.61
16955.0,1,518.67,20.75
16957.0,1,416.64,26.04
16960.0,1,507.05,5.02
16966.0,1,2154.97,76.96
16968.0,1,439.43,14.18
16969.0,1,650.41,15.49
16979.0,1,1852.0,20.81
16980.0,1,1078.96,12.4
16983.0,1,1931.25,13.05
16984.0,1,4481.35,11.01
16985.0,1,5464.12,45.53
16987.0,1,1625.05,12.6
16989.0,1,1133.25,94.44
16992.0,1,1614.31,17.36
16996.0,1,1456.96,39.38
16997.0,1,702.0,58.5
16999.0,1,484.82,21.08
17001.0,1,3989.57,23.61
17002.0,1,1493.73,30.48
17004.0,1,1412.94,32.11
17006.0,1,781.78,17.77
17007.0,1,889.93,17.11
17014.0,1,586.33,7.92
17015.0,1,1842.56,8.49
17017.0,1,8694.26,34.5
17018.0,1,920.1,57.51
17019.0,1,1272.61,5.44
17025.0,1,357.77,39.75
17027.0,1,890.29,5.82
17031.0,1,380.35,17.29
17033.0,1,1030.14,36.79
17034.0,1,745.52,24.85
17035.0,1,433.53,15.48
17041.0,1,1081.57,15.45
17042.0,1,1044.38,10.66
17043.0,1,1735.18,17.01
17045.0,1,339.44,15.43
17047.0,1,1100.9,16.94
17048.0,1,925.35,21.52
17049.0,1,5659.98,17.8
17050.0,1,3228.84,10.22
17054.0,1,1356.33,16.34
17058.0,1,1179.89,19.03
17059.0,1,3095.04,6.0
17061.0,1,5232.23,52.85
17062.0,1,538.37,7.69
17063.0,1,1461.14,18.73
17064.0,1,859.35,13.86
17068.0,1,4552.14,15.38
17069.0,1,2709.7,18.95
17071.0,1,2429.03,17.35
17073.0,1,1446.09,8.31
17075.0,1,834.12,10.83
17076.0,1,841.08,33.64
17080.0,1,287.62,35.95
17081.0,1,290.16,4.53
17082.0,1,2003.85,24.74
17083.0,1,1405.78,27.03
17085.0,1,1566.65,8.38
17086.0,1,2050.08,21.36
17088.0,1,1991.01,17.31
17090.0,1,2043.95,32.44
17091.0,1,3827.76,19.63
17092.0,1,1777.78,14.22
17095.0,1,1324.16,17.89
17096.0,1,1022.13,21.29
17097.0,1,954.42,4.52
17101.0,1,1621.73,38.61
17105.0,1,665.78,7.4
17107.0,1,10815.43,25.87
17109.0,1,885.04,7.56
17114.0,1,808.62,6.37
17115.0,1,837.5,21.47
17119.0,1,606.91,17.34
17126.0,1,1004.75,3.86
17131.0,1,2463.17,18.38
17133.0,1,4892.24,181.19
17134.0,1,425.0,17.71
17135.0,1,1139.73,21.92
17139.0,1,10668.47,22.32
17144.0,1,984.57,20.51
17146.0,1,749.78,21.42
17147.0,1,1714.59,21.17
17152.0,1,1689.5,120.68
17155.0,1,251.7,12.58
17157.0,1,319.0,24.54
17158.0,1,1266.97,18.91
17159.0,1,1538.88,15.24
17160.0,1,3518.03,15.36
17162.0,1,1715.46,16.49
17163.0,1,293.1,58.62
17164.0,1,2467.35,17.13
17166.0,1,206.34,17.2
17169.0,1,835.78,15.48
17173.0,1,3766.6,43.8
17175.0,1,1443.69,22.92
17179.0,1,711.79,8.9
17180.0,1,796.03,6.22
17181.0,1,239.92,10.43
17183.0,1,3347.31,45.85
17188.0,1,2474.23,29.46
17189.0,1,384.4,6.3
17190.0,1,444.74,23.41
17191.0,1,2095.13,8.84
17193.0,1,1699.3,53.1
17194.0,1,262.62,9.06
17198.0,1,692.22,7.21
17203.0,1,3563.85,23.45
17204.0,1,1564.56,27.45
17211.0,1,2317.22,10.98
17213.0,1,2781.23,17.71
17214.0,1,1069.12,10.38
17218.0,1,1960.72,7.16
17220.0,1,3198.25,6.78
17221.0,1,335.13,5.32
17223.0,1,426.79,8.71
17227.0,1,939.32,19.99
17228.0,1,1906.09,9.16
17229.0,1,318.76,6.78
17230.0,1,3638.41,52.73
17231.0,1,3174.32,5.87
17232.0,1,421.52,11.71
17235.0,1,550.06,18.97
17236.0,1,916.13,8.73
17237.0,1,314.69,16.56
17238.0,1,3744.65,6.62
17242.0,1,1135.04,28.38
17243.0,1,8676.85,21.69
17250.0,1,384.52,6.75
17252.0,1,353.86,4.07
17254.0,1,272.44,2.43
17255.0,1,298.41,3.83
17256.0,1,240.0,15.0
17259.0,1,603.37,4.87
17262.0,1,1253.36,104.45
17265.0,1,562.9,4.43
17266.0,1,310.64,3.88
17268.0,1,763.64,127.27
17272.0,1,2148.63,18.85
17277.0,1,1065.35,15.44
17282.0,1,1703.41,18.12
17284.0,1,1652.58,5.66
17287.0,1,1064.11,8.58
17288.0,1,1419.73,10.0
17289.0,1,944.41,8.51
17290.0,1,525.24,5.15
17293.0,1,1875.11,13.89
17295.0,1,556.95,8.07
17298.0,1,498.42,16.61
17299.0,1,669.11,11.74
17302.0,1,1135.63,14.38
17306.0,1,8631.31,130.78
17311.0,1,1384.85,25.18
17312.0,1,644.3,46.02
17314.0,1,2527.92,19.3
17315.0,1,6292.26,13.3
17317.0,1,2600.34,288.93
17320.0,1,1200.62,16.45
17321.0,1,700.86,6.55
17323.0,1,921.07,4.61
17324.0,1,990.23,19.8
17329.0,1,523.11,15.85
17330.0,1,363.9,60.65
17334.0,1,307.02,27.91
17337.0,1,2027.87,3.73
17338.0,1,6643.93,8.82
17339.0,1,243.36,27.04
17340.0,1,12353.29,30.35
17341.0,1,781.36,4.27
17345.0,1,537.74,6.18
17346.0,1,2676.56,5.35
17348.0,1,1159.52,5.39
17350.0,1,1286.07,18.11
17351.0,1,587.15,21.75
17353.0,1,1740.0,217.5
17358.0,1,365.85,6.2
17360.0,1,585.79,4.44
17361.0,1,488.2,16.83
17362.0,1,312.23,8.92
17364.0,1,4481.18,10.9
17365.0,1,4801.56,10.26
17368.0,1,1912.67,17.23
17370.0,1,446.18,13.52
17371.0,1,423.89,4.87
17372.0,1,1342.68,5.31
17373.0,1,646.92,11.35
17374.0,1,495.77,17.71
17375.0,1,400.1,5.8
17376.0,1,203.2,8.47
17377.0,1,4100.92,9.81
17381.0,1,20275.61,186.01
17384.0,1,336.4,22.43
17386.0,1,2686.42,95.94
17387.0,1,784.11,10.05
17388.0,1,1259.56,83.97
17389.0,1,31833.68,149.45
17392.0,1,457.91,7.39
17396.0,1,7330.8,271.51
17398.0,1,653.38,17.19
17400.0,1,2129.96,10.0
17402.0,1,2633.85,44.64
17404.0,1,31906.82,161.15
17405.0,1,1031.41,12.58
17406.0,1,2200.42,19.47
17409.0,1,771.85,59.37
17410.0,1,1214.72,18.98
17411.0,1,778.94,19.0
17412.0,1,1258.06,19.06
17414.0,1,778.0,129.67
17416.0,1,6893.42,25.63
17418.0,1,463.46,15.45
17419.0,1,4226.57,20.52
17420.0,1,598.83,19.96
17422.0,1,1979.37,16.92
17423.0,1,698.41,26.86
17425.0,1,759.17,17.66
17426.0,1,5037.26,18.59
17428.0,1,17256.85,52.61
17429.0,1,524.92,13.46
17430.0,1,265.76,18.98
17432.0,1,365.76,7.62
17434.0,1,2373.82,17.72
17436.0,1,216.3,24.03
17440.0,1,186.42,37.28
17442.0,1,2248.56,16.66
17444.0,1,2940.04,21.78
17446.0,1,120.9,13.43
17447.0,1,541.53,15.04
17449.0,1,2520.86,9.1
17450.0,0,194550.79,577.3
17451.0,1,1721.4,17.21
17453.0,1,486.72,25.62
17454.0,1,517.53,8.48
17457.0,1,1737.7,91.46
17459.0,1,657.3,5.92
17460.0,1,622.43,21.46
17461.0,1,757.46,6.82
17462.0,1,675.69,25.03
17463.0,1,1896.41,8.82
17466.0,1,763.28,18.62
17468.0,1,137.0,27.4
17469.0,1,1870.97,21.26
17470.0,1,1125.07,14.42
17472.0,1,710.29,3.92
17481.0,1,1255.59,15.31
17483.0,1,414.04,19.72
17489.0,1,376.64,12.99
17490.0,1,2092.32,27.53
17491.0,1,3558.87,32.65
17495.0,1,497.56,18.43
17500.0,1,1138.0,227.6
17502.0,1,689.1,24.61
17503.0,1,558.96,14.71
17504.0,1,2997.03,23.6
17505.0,1,1145.84,22.04
17507.0,1,605.58,6.88
17509.0,1,6115.14,16.71
17511.0,0,91062.38,94.56
17512.0,1,2924.99,27.86
17515.0,1,639.02,7.35
17516.0,1,768.08,5.61
17519.0,1,1844.02,22.49
17521.0,1,723.21,16.07
17522.0,1,1070.71,14.67
17523.0,1,652.74,19.78
17526.0,1,1195.9,62.94
17527.0,1,939.37,19.99
17528.0,1,3628.5,14.34
17530.0,1,2385.0,6.05
17537.0,1,897.62,11.97
17540.0,1,578.9,23.16
17549.0,1,148.86,24.81
17550.0,1,267.16,6.36
17552.0,1,930.41,18.99
17554.0,1,1952.45,22.19
17555.0,1,483.26,4.56
17557.0,1,541.46,15.93
17560.0,1,854.95,31.66
17562.0,1,1122.38,17.82
17564.0,1,454.01,9.27
17566.0,1,901.21,5.93
17567.0,1,4331.48,26.25
17571.0,1,1498.51,5.01
17572.0,1,226.75,18.9
17573.0,1,380.6,15.22
17576.0,1,3622.68,8.81
17579.0,1,448.9,8.98
17580.0,1,215.72,4.79
17581.0,1,11045.04,25.1
17584.0,1,1242.3,35.49
17585.0,1,1133.07,5.29
17588.0,1,1240.2,53.92
17589.0,1,2404.17,9.5
17590.0,1,1479.22,7.36
17591.0,1,2225.97,13.41
17593.0,1,3927.34,18.44
17594.0,1,993.18,19.86
17595.0,1,388.79,4.68
17596.0,1,2827.93,10.47
17602.0,1,5102.97,9.11
17604.0,1,309.36,4.91
17609.0,1,1112.22,4.69
17611.0,1,3984.22,6.92
17612.0,1,2048.45,15.17
17613.0,1,4559.15,14.61
17615.0,1,329.6,23.54
17618.0,1,971.58,12.46
17621.0,1,1379.9,53.07
17624.0,1,843.48,16.87
17625.0,1,2047.0,6.5
17629.0,1,1814.12,14.75
17630.0,1,503.6,19.37
17631.0,1,528.33,13.55
17633.0,1,1324.84,18.93
17634.0,1,2361.97,7.95
17637.0,1,547.06,15.63
17642.0,1,712.29,17.81
17644.0,1,2895.64,18.44
17646.0,1,1008.39,19.77
17648.0,1,1797.5,19.75
17651.0,1,3945.0,17.0
17652.0,1,4867.72,18.79
17653.0,1,1207.56,27.44
17655.0,1,2638.94,29.0
17656.0,1,1674.69,20.42
17658.0,1,595.42,31.34
17659.0,1,2999.46,18.98
17663.0,1,1802.91,20.96
17664.0,1,604.64,14.06
17666.0,1,728.16,40.45
17667.0,1,2055.51,17.57
17668.0,1,347.75,23.18
17669.0,1,3406.72,50.1
17671.0,1,1572.71,29.67
17672.0,1,3178.17,28.89
17673.0,1,1629.12,7.18
17674.0,1,551.04,20.41
17675.0,1,20374.28,28.9
17676.0,1,1387.68,17.79
17677.0,1,16363.23,53.83
17679.0,1,1992.11,66.4
17682.0,1,2474.33,20.97
17685.0,1,3191.53,24.55
17686.0,1,5739.46,20.07
17690.0,1,4757.95,18.59
17691.0,1,290.4,15.28
17692.0,1,740.94,16.11
17695.0,1,765.34,21.87
17696.0,1,2285.71,19.88
17700.0,1,2534.64,17.85
17702.0,1,1824.37,24.65
17703.0,1,798.74,14.52
17704.0,1,885.19,28.55
17705.0,1,1823.52,17.7
17706.0,1,10504.49,27.5
17707.0,1,152.4,30.48
17708.0,1,267.08,7.63
17711.0,1,385.1,16.74
17716.0,1,5655.99,23.09
17719.0,1,5396.04,19.69
17720.0,1,1195.94,23.92
17722.0,1,2424.04,21.08
17723.0,1,3276.4,327.64
17724.0,1,1033.0,25.82
17725.0,1,3439.08,17.91
17728.0,1,2876.01,17.43
17730.0,1,5298.48,24.3
17731.0,1,1240.11,18.51
17733.0,1,692.19,19.78
17734.0,1,700.63,16.29
17735.0,1,13110.02,19.0
17736.0,1,377.44,15.1
17737.0,1,168.24,16.82
17738.0,1,1879.05,19.37
17739.0,1,2791.35,59.39
17742.0,1,355.11,23.67
17744.0,1,2322.4,17.08
17749.0,1,674.52,19.27
17750.0,1,1797.57,9.31
17754.0,1,1772.26,19.26
17757.0,1,5605.29,7.56
17758.0,1,3456.7,8.39
17759.0,1,834.99,8.79
17760.0,1,287.59,11.5
17764.0,1,818.82,10.92
17765.0,1,371.88,6.52
17768.0,1,2273.18,21.65
17769.0,1,3997.98,12.9
17770.0,1,1143.27,30.09
17771.0,1,245.81,4.55
17774.0,1,1225.41,7.86
17777.0,1,665.86,3.43
17779.0,1,658.57,8.03
17781.0,1,188.02,15.67
17783.0,1,283.47,4.23
17786.0,1,278.74,3.87
17787.0,1,1865.19,13.92
17788.0,1,1117.9,223.58
17790.0,1,1965.55,10.34
17795.0,1,350.39,7.62
17796.0,1,697.9,8.51
17797.0,1,780.43,7.03
17799.0,1,3055.93,7.49
17800.0,1,1199.01,11.53
17802.0,1,1285.04,9.18
17809.0,1,5411.91,88.72
17811.0,1,7837.73,9.21
17812.0,1,732.16,5.19
17813.0,1,1770.88,4.77
17816.0,1,36.56,2.15
17817.0,1,387.68,11.75
17819.0,1,3704.87,77.18
17827.0,1,1995.46,9.07
17828.0,1,1820.09,27.17
17830.0,1,398.7,17.33
17835.0,1,350.64,5.75
17837.0,1,1593.38,9.43
17838.0,1,2779.3,22.97
17841.0,0,40991.57,5.22
17848.0,1,901.2,17.67
17849.0,1,605.8,23.3
17850.0,1,5391.21,18.15
17854.0,1,311.26,20.75
17856.0,1,1418.03,94.54
17857.0,1,26879.04,497.76
17858.0,1,5155.66,25.91
17861.0,1,2100.8,9.46
17863.0,1,3160.0,21.35
17864.0,1,597.5,5.86
17865.0,1,10526.32,28.45
17867.0,1,1197.1,15.15
17869.0,1,428.18,10.7
17870.0,1,1894.35,6.79
17873.0,1,1859.16,42.25
17874.0,1,683.46,14.86
17883.0,1,671.77,4.63
17884.0,1,717.45,6.13
17886.0,1,899.61,8.25
17888.0,1,726.05,10.84
17889.0,1,203.87,9.71
17890.0,1,602.09,6.41
17892.0,1,244.1,8.72
17894.0,1,1119.81,5.8
17897.0,1,566.6,4.97
17898.0,1,152.06,5.43
17905.0,1,800.24,23.54
17912.0,1,311.01,8.18
17913.0,1,411.6,6.98
17917.0,1,341.28,3.63
17920.0,1,4204.1,6.04
17921.0,1,826.52,5.7
17924.0,1,2962.5,95.56
17926.0,1,397.29,18.92
17928.0,1,212.54,9.24
17929.0,1,843.0,168.6
17930.0,1,1740.48,44.63
17931.0,1,408.36,6.28
17932.0,1,1331.57,14.8
17934.0,1,704.25,33.54
17935.0,1,145.79,5.03
17937.0,1,4301.22,100.03
17940.0,1,4106.44,216.13
17946.0,1,149.58,7.48
17949.0,1,58510.48,835.86
17950.0,1,482.2,6.79
17951.0,1,1008.54,50.43
17954.0,1,2332.72,4.81
17955.0,1,557.3,29.33
17961.0,1,1296.44,5.21
17964.0,1,471.7,4.54
17965.0,1,2622.57,7.97
17966.0,1,1098.43,16.15
17969.0,1,228.2,16.3
17974.0,1,740.79,4.14
17975.0,1,4488.81,15.16
17979.0,1,757.71,5.19
17980.0,1,811.45,27.05
17988.0,1,201.12,5.29
17990.0,1,630.84,21.75
17994.0,1,678.49,8.38
17997.0,1,1970.67,11.87
17999.0,1,382.06,4.11
18001.0,1,417.23,7.19
18005.0,1,249.72,4.16
18008.0,1,2116.19,70.54
18016.0,1,1483.56,12.06
18018.0,1,122.14,4.21
18030.0,1,230.65,25.63
18035.0,1,730.4,13.78
18036.0,1,405.62,4.23
18037.0,1,70.02,3.69
18040.0,1,357.2,18.8
18041.0,1,4183.39,8.86
18043.0,1,559.51,4.62
18044.0,1,2088.6,16.45
18055.0,1,6784.19,18.84
18059.0,1,306.46,16.13
18061.0,1,2119.41,46.07
18062.0,1,720.52,26.69
18064.0,1,814.0,116.29
18065.0,1,2392.83,17.47
18069.0,1,2036.67,4.33
18071.0,1,453.0,18.12
18073.0,1,3877.52,53.12
18075.0,1,2611.75,18.39
18077.0,1,2633.01,11.6
18078.0,1,336.13,11.59
18079.0,1,3651.97,28.76
18081.0,1,343.45,20.2
18085.0,1,689.95,23.79
18092.0,1,9068.26,101.89
18093.0,1,2106.52,58.51
18094.0,1,3017.3,43.1
18095.0,1,580.05,27.62
18096.0,1,911.15,4.28
18097.0,1,2697.8,24.98
18101.0,1,223.65,5.45
18102.0,0,259657.3,602.45
18109.0,1,8052.97,18.14
18112.0,1,352.69,13.56
18116.0,1,1418.03,3.75
18118.0,1,5653.82,4.42
18121.0,1,673.1,21.03
18122.0,1,1826.21,5.02
18123.0,1,589.44,16.37
18125.0,1,1142.99,5.83
18127.0,1,348.73,7.42
18130.0,1,1059.39,15.13
18135.0,1,681.91,34.1
18136.0,1,784.33,20.64
18142.0,1,1019.52,67.97
18143.0,1,1000.16,16.4
18144.0,1,2888.75,67.18
18145.0,1,2861.55,12.95
18146.0,1,160.35,16.04
18147.0,1,179.34,25.62
18149.0,1,612.08,38.25
18150.0,1,566.58,15.31
18151.0,1,653.35,17.19
18154.0,1,399.19,19.01
18155.0,1,371.62,14.86
18156.0,1,734.94,5.25
18158.0,1,453.4,13.34
18160.0,1,638.06,16.36
18161.0,1,1618.69,20.23
18167.0,1,1384.86,37.43
18168.0,1,1169.94,8.93
18170.0,1,980.31,25.8
18171.0,1,1231.31,22.8
18172.0,1,7561.68,40.01
18173.0,1,2106.84,67.96
18177.0,1,1341.42,18.13
18178.0,1,1590.81,16.4
18179.0,1,1793.17,19.92
18180.0,1,1843.75,15.49
18183.0,1,632.07,17.08
18188.0,1,2001.04,28.18
18189.0,1,1090.24,16.03
18190.0,1,284.46,18.96
18196.0,1,689.13,4.89
18198.0,1,5425.56,34.12
18202.0,1,1396.99,20.54
18204.0,1,1993.7,9.97
18205.0,1,517.36,16.17
18210.0,1,2621.38,19.56
18211.0,1,600.07,14.29
18217.0,1,621.75,20.06
18218.0,1,662.08,31.53
18219.0,1,2069.77,18.16
18221.0,1,1041.61,16.28
18223.0,1,6484.54,23.84
18225.0,1,5509.12,20.33
18226.0,1,5228.05,21.6
18228.0,1,779.9,26.0
18229.0,1,7276.9,44.37
18230.0,1,2810.2,32.68
18231.0,1,2083.27,16.8
18232.0,1,592.97,16.03
18235.0,1,1796.48,17.27
18236.0,1,882.24,18.0
18237.0,1,987.1,16.18
18239.0,1,1561.61,17.75
18241.0,1,2073.09,19.93
18242.0,1,2232.49,28.62
18245.0,1,2567.06,14.67
18248.0,1,804.02,17.11
18252.0,1,526.67,5.37
18257.0,1,2337.63,19.81
18259.0,1,2338.6,55.68
18260.0,1,2643.2,19.73
18261.0,1,324.24,15.44
18263.0,1,1213.16,19.89
18265.0,1,801.51,17.42
18270.0,1,283.15,25.74
18272.0,1,3078.58,18.55
18282.0,1,178.05,14.84
18283.0,1,2094.88,2.77
18287.0,1,1837.28,26.25
